id,time,favorites_to_retweets
1327476513227214854,Sat Nov 14 05:00:38 2020,26.88095238095238
1327411896471875584,Sat Nov 14 00:43:52 2020,10.681818181818182
1327408883053170689,Sat Nov 14 00:31:54 2020,8.797297297297296
1327393875221045248,Fri Nov 13 23:32:16 2020,15.368421052631579
1327391474607034368,Fri Nov 13 23:22:43 2020,9.562431209490033
1327389689213423616,Fri Nov 13 23:15:38 2020,14.759399736147758
1327375965190713347,Fri Nov 13 22:21:06 2020,9.28888888888889
1327367568298897408,Fri Nov 13 21:47:44 2020,8.614177803602557
1327366270539370496,Fri Nov 13 21:42:34 2020,18.942857142857143
1327366124237770752,Fri Nov 13 21:41:59 2020,12.421875
1327335248854536192,Fri Nov 13 19:39:18 2020,20.264705882352942
1327332533785137152,Fri Nov 13 19:28:31 2020,6.454545454545454
1327331690457382914,Fri Nov 13 19:25:10 2020,11.150684931506849
1327330869963415552,Fri Nov 13 19:21:54 2020,4.722021660649819
1327309019950637057,Fri Nov 13 17:55:05 2020,65.6
1327305722384719872,Fri Nov 13 17:41:59 2020,10.353335568219913
1327296958709473280,Fri Nov 13 17:07:09 2020,27.74736842105263
1327296384823828480,Fri Nov 13 17:04:52 2020,23.0
1327287240058302466,Fri Nov 13 16:28:32 2020,6.592041584513353
1327224089451196420,Fri Nov 13 12:17:36 2020,5.815533980582524
1327210365713743872,Fri Nov 13 11:23:04 2020,21.341666666666665
1327208777049804800,Fri Nov 13 11:16:45 2020,5.744827586206896
1327132071370878976,Fri Nov 13 06:11:57 2020,19.270031093039943
1327131163622854657,Fri Nov 13 06:08:20 2020,67.73191489361702
1327128527280496652,Fri Nov 13 05:57:52 2020,37.71881188118812
1327127056119902210,Fri Nov 13 05:52:01 2020,27.758575197889183
1327126667651932161,Fri Nov 13 05:50:29 2020,10.277196948290477
1327125840040169472,Fri Nov 13 05:47:11 2020,3.737991038413016
1327090548478414850,Fri Nov 13 03:26:57 2020,19.088372093023256
1327073241693765633,Fri Nov 13 02:18:11 2020,19.81132075471698
1327070929868914689,Fri Nov 13 02:09:00 2020,18.12015503875969
1327024998020571136,Thu Nov 12 23:06:29 2020,79.22222222222223
1326923110499545088,Thu Nov 12 16:21:37 2020,0.0
1326911280981143558,Thu Nov 12 15:34:36 2020,11.970162188931534
1326908366392860673,Thu Nov 12 15:23:01 2020,20.0625
1326698085309841409,Thu Nov 12 01:27:27 2020,0.0
1326517891437486086,Wed Nov 11 13:31:25 2020,0.0
1326383826055143426,Wed Nov 11 04:38:41 2020,60.65714285714286
1326284034851434500,Tue Nov 10 22:02:09 2020,17.726829268292683
1326274591564718080,Tue Nov 10 21:24:38 2020,30.228385228095583
1326256556619522053,Tue Nov 10 20:12:58 2020,0.0
1326196571936010242,Tue Nov 10 16:14:36 2020,0.0
1326196436061577221,Tue Nov 10 16:14:04 2020,65.0
1326196164711096323,Tue Nov 10 16:12:59 2020,40.69444444444444
1325938304810967042,Mon Nov 09 23:08:21 2020,28.0125
1325937554236043266,Mon Nov 09 23:05:22 2020,33.25
1325934016353214465,Mon Nov 09 22:51:18 2020,16.966666666666665
1325932531934523394,Mon Nov 09 22:45:24 2020,0.0
1325931653659832321,Mon Nov 09 22:41:55 2020,48.3
1325925794162626561,Mon Nov 09 22:18:38 2020,25.607142857142858
1325870366821150720,Mon Nov 09 18:38:23 2020,0.0
1325861541330251781,Mon Nov 09 18:03:19 2020,19.470556358381504
1325844990870900736,Mon Nov 09 16:57:33 2020,19.227010729804025
1325825307824189441,Mon Nov 09 15:39:20 2020,22.14189189189189
1325632482339811329,Mon Nov 09 02:53:07 2020,35.45454545454545
1325624510691749888,Mon Nov 09 02:21:26 2020,101.71171171171171
1325623523688116225,Mon Nov 09 02:17:31 2020,84.3157894736842
1325623206049280000,Mon Nov 09 02:16:15 2020,53.91304347826087
1325622453054312450,Mon Nov 09 02:13:16 2020,58.19230769230769
1325618085445824513,Mon Nov 09 01:55:55 2020,17.142857142857142
1325599355961712640,Mon Nov 09 00:41:29 2020,91.25233644859813
1325517360170586112,Sun Nov 08 19:15:40 2020,0.0
1325467966247370755,Sun Nov 08 15:59:23 2020,21.60169491525424
1325450983183327233,Sun Nov 08 14:51:54 2020,30.641025641025642
1325450416562208768,Sun Nov 08 14:49:39 2020,26.543478260869566
1325448724244357120,Sun Nov 08 14:42:56 2020,14.541666666666666
1325445345275416578,Sun Nov 08 14:29:30 2020,18.305555555555557
1325424592731705346,Sun Nov 08 13:07:02 2020,27.07547169811321
1325404393076887557,Sun Nov 08 11:46:46 2020,44.351851851851855
1325402989201403906,Sun Nov 08 11:41:12 2020,24.86466165413534
1325395344105086976,Sun Nov 08 11:10:49 2020,23.184466019417474
1325394382367977477,Sun Nov 08 11:07:00 2020,18.151515151515152
1325175011833909248,Sat Nov 07 20:35:18 2020,0.0
1325142587460694016,Sat Nov 07 18:26:27 2020,19.233601286173634
1324859493889478656,Fri Nov 06 23:41:32 2020,57.908396946564885
1324736385870430210,Fri Nov 06 15:32:21 2020,12.209844559585493
1324736076800577537,Fri Nov 06 15:31:07 2020,25.402525651144437
1324661814131519488,Fri Nov 06 10:36:02 2020,21.815373021853805
1324658679723905025,Fri Nov 06 10:23:34 2020,18.673708920187792
1324658412274081793,Fri Nov 06 10:22:31 2020,20.225806451612904
1324657499434151936,Fri Nov 06 10:18:53 2020,24.148936170212767
1324595039742222337,Fri Nov 06 06:10:41 2020,10.560023532872481
1324591221424025606,Fri Nov 06 05:55:31 2020,58.40177439797212
1324584148250497024,Fri Nov 06 05:27:25 2020,0.0
1324584134329606146,Fri Nov 06 05:27:21 2020,0.0
1324584088607498241,Fri Nov 06 05:27:10 2020,0.0
1324481509475020800,Thu Nov 05 22:39:34 2020,71.64224137931035
1324283305789812736,Thu Nov 05 09:31:58 2020,16.776362240982348
1324260092259217409,Thu Nov 05 07:59:44 2020,33.747126436781606
1324259956040806405,Thu Nov 05 07:59:11 2020,46.75
1323979950504902657,Wed Nov 04 13:26:33 2020,21.93798449612403
1323691195239960579,Tue Nov 03 18:19:08 2020,37.1551724137931
1323643630997917697,Tue Nov 03 15:10:08 2020,16.93103448275862
1323641938235580416,Tue Nov 03 15:03:24 2020,25.5
1323640901248393217,Tue Nov 03 14:59:17 2020,22.160714285714285
1323639506436825092,Tue Nov 03 14:53:45 2020,16.428571428571427
1323637665829396480,Tue Nov 03 14:46:26 2020,17.957002457002456
1323432289947262982,Tue Nov 03 01:10:20 2020,45.38709677419355
1323431066158452736,Tue Nov 03 01:05:28 2020,21.75
1323430438577328128,Tue Nov 03 01:02:59 2020,28.675675675675677
1323430150034382848,Tue Nov 03 01:01:50 2020,33.45192307692308
1323360818336092167,Mon Nov 02 20:26:20 2020,18.928571428571427
1323360309407633414,Mon Nov 02 20:24:19 2020,33.90909090909091
1323359592722669573,Mon Nov 02 20:21:28 2020,29.776923076923076
1323349059214708737,Mon Nov 02 19:39:37 2020,40.53846153846154
1323348268823314432,Mon Nov 02 19:36:28 2020,30.295263788968825
1323347225611829248,Mon Nov 02 19:32:19 2020,27.096153846153847
1323346472545517569,Mon Nov 02 19:29:20 2020,74.19753086419753
1323288694955061257,Mon Nov 02 15:39:45 2020,14.675872093023257
1323268205385818114,Mon Nov 02 14:18:19 2020,44.6986301369863
1323028835164655618,Sun Nov 01 22:27:09 2020,34.21333333333333
1323027430446125056,Sun Nov 01 22:21:34 2020,22.325396825396826
1323027040740802561,Sun Nov 01 22:20:01 2020,40.61518987341772
1323023633355280384,Sun Nov 01 22:06:29 2020,60.13793103448276
1323008187256229889,Sun Nov 01 21:05:06 2020,35.43105590062112
1323006223298551812,Sun Nov 01 20:57:18 2020,18.87683284457478
1323003939088928775,Sun Nov 01 20:48:13 2020,31.53125
1322720587173777409,Sun Nov 01 02:02:17 2020,25.75109170305677
1322718691964977152,Sun Nov 01 01:54:45 2020,30.383333333333333
1322683348720979971,Sat Oct 31 23:34:19 2020,64.56692913385827
1322662045234454535,Sat Oct 31 22:09:40 2020,28.353658536585368
1322660745549619200,Sat Oct 31 22:04:30 2020,80.58620689655173
1322660616939720705,Sat Oct 31 22:03:59 2020,24.96590909090909
1322659784210960390,Sat Oct 31 22:00:41 2020,26.535353535353536
1322659546641371136,Sat Oct 31 21:59:44 2020,26.22695035460993
1322435853348671488,Sat Oct 31 07:10:51 2020,25.71
1322435476280758272,Sat Oct 31 07:09:21 2020,20.22
1322433989261611009,Sat Oct 31 07:03:27 2020,16.98936170212766
1322431151986925568,Sat Oct 31 06:52:10 2020,31.97222222222222
1322428850526105600,Sat Oct 31 06:43:02 2020,24.21025641025641
1322426033967190016,Sat Oct 31 06:31:50 2020,27.18840579710145
1322342760343461888,Sat Oct 31 01:00:56 2020,45.15625
1322338101654511617,Sat Oct 31 00:42:25 2020,10.150442477876107
1322336364478623749,Sat Oct 31 00:35:31 2020,3.8186186186186184
1322334997282394112,Sat Oct 31 00:30:05 2020,23.677419354838708
1322334523275685888,Sat Oct 31 00:28:12 2020,32.7
1322309226228641792,Fri Oct 30 22:47:41 2020,31.159645232815965
1322272445533949952,Fri Oct 30 20:21:32 2020,57.100558659217874
1322054574908342272,Fri Oct 30 05:55:47 2020,27.285714285714285
1322011788926455808,Fri Oct 30 03:05:46 2020,21.108333333333334
1322007049715163137,Fri Oct 30 02:46:57 2020,85.72177419354838
1321960342776238080,Thu Oct 29 23:41:21 2020,46.65853658536585
1321884904590774272,Thu Oct 29 18:41:35 2020,17.238515901060072
1321884339198586880,Thu Oct 29 18:39:20 2020,69.90677966101696
1321676450466951170,Thu Oct 29 04:53:16 2020,23.634146341463413
1321675245036580865,Thu Oct 29 04:48:28 2020,59.37931034482759
1321674587420061696,Thu Oct 29 04:45:51 2020,62.91210613598673
1321673143451230209,Thu Oct 29 04:40:07 2020,45.58790523690773
1321620702533808130,Thu Oct 29 01:11:44 2020,66.42105263157895
1321618178988929024,Thu Oct 29 01:01:43 2020,86.72560975609755
1321617934393831424,Thu Oct 29 01:00:44 2020,31.973684210526315
1321605428963233794,Thu Oct 29 00:11:03 2020,7.161392216461053
1321513255332941824,Wed Oct 28 18:04:47 2020,33.2962962962963
1321288831728001035,Wed Oct 28 03:13:00 2020,161.18421052631578
1321287583436034049,Wed Oct 28 03:08:02 2020,44.11486486486486
1321286092000268301,Wed Oct 28 03:02:07 2020,26.26925898752751
1321285779465904131,Wed Oct 28 03:00:52 2020,27.6875
1321275062998257665,Wed Oct 28 02:18:17 2020,12.01164540399084
1321245225755512832,Wed Oct 28 00:19:44 2020,34.35
1321244816378834946,Wed Oct 28 00:18:06 2020,34.375
1321244469325406208,Wed Oct 28 00:16:43 2020,44.15
1321242538427273217,Wed Oct 28 00:09:03 2020,44.645161290322584
1321241757179326466,Wed Oct 28 00:05:57 2020,26.567282321899736
1321235107324268544,Tue Oct 27 23:39:31 2020,30.3739837398374
1321222678393610240,Tue Oct 27 22:50:08 2020,23.1
1321221115096801282,Tue Oct 27 22:43:55 2020,26.533980582524272
1321219671174094851,Tue Oct 27 22:38:11 2020,31.139949109414758
1321218455337578498,Tue Oct 27 22:33:21 2020,50.795811518324605
1320984510004137984,Tue Oct 27 07:03:44 2020,61.00727272727273
1320924807232253954,Tue Oct 27 03:06:30 2020,27.739583333333332
1320867624943714304,Mon Oct 26 23:19:16 2020,31.3875
1320579366724784130,Mon Oct 26 04:13:50 2020,6.227848101265823
1320510372210569218,Sun Oct 25 23:39:41 2020,30.69158878504673
1320500951250128896,Sun Oct 25 23:02:15 2020,28.58992805755396
1320180525009571845,Sun Oct 25 01:48:59 2020,23.258982035928145
1320174974301208578,Sun Oct 25 01:26:56 2020,22.157706093189965
1320134710023000064,Sat Oct 24 22:46:56 2020,15.726963024511841
1319938401777315840,Sat Oct 24 09:46:52 2020,29.989690721649485
1319873836418879488,Sat Oct 24 05:30:19 2020,63.1578947368421
1319873290207326208,Sat Oct 24 05:28:09 2020,25.733333333333334
1319745720748929025,Fri Oct 23 21:01:14 2020,60.70666666666666
1319738772158754817,Fri Oct 23 20:33:37 2020,33.925925925925924
1319729145421598720,Fri Oct 23 19:55:22 2020,27.962264150943398
1319728130244837376,Fri Oct 23 19:51:20 2020,28.069182389937108
1319610686998114304,Fri Oct 23 12:04:39 2020,19.524390243902438
1319609402878349312,Fri Oct 23 11:59:33 2020,21.140243902439025
1319441920213434368,Fri Oct 23 00:54:02 2020,35.40889526542324
1319398132396871681,Thu Oct 22 22:00:02 2020,24.588785046728972
1319396588293222400,Thu Oct 22 21:53:54 2020,30.470394736842106
1319376255490220033,Thu Oct 22 20:33:06 2020,36.08860759493671
1319358207228166144,Thu Oct 22 19:21:23 2020,52.28260869565217
1319313339026010112,Thu Oct 22 16:23:06 2020,32.234
1319172039450775554,Thu Oct 22 07:01:37 2020,70.28
1319164198241341440,Thu Oct 22 06:30:28 2020,23.095529231944976
1319159425995857921,Thu Oct 22 06:11:30 2020,14.8
1319157876150161408,Thu Oct 22 06:05:21 2020,23.257142857142856
1319141246355517440,Thu Oct 22 04:59:16 2020,45.70666666666666
1319076218038145024,Thu Oct 22 00:40:52 2020,37.25660377358491
1319059307804045316,Wed Oct 21 23:33:40 2020,19.726600985221676
1319057472045264896,Wed Oct 21 23:26:22 2020,42.275862068965516
1319009651694993409,Wed Oct 21 20:16:21 2020,34.205882352941174
1319008891817132032,Wed Oct 21 20:13:20 2020,20.996273779172387
1318977529072521217,Wed Oct 21 18:08:43 2020,34.73863636363637
1318747771608903680,Wed Oct 21 02:55:44 2020,51.10588235294118
1318743290137743360,Wed Oct 21 02:37:56 2020,28.14814814814815
1318727162439008259,Wed Oct 21 01:33:50 2020,20.89864864864865
1318708955628118025,Wed Oct 21 00:21:30 2020,19.234817813765183
1318678258339221505,Tue Oct 20 22:19:31 2020,16.871822606814494
1318677645358518272,Tue Oct 20 22:17:05 2020,19.74871575342466
1318040653658423296,Mon Oct 19 04:05:54 2020,11.74585635359116
1317986858983321600,Mon Oct 19 00:32:08 2020,3.3347305389221558
1317959615594721280,Sun Oct 18 22:43:53 2020,24.436781609195403
1317542810338365440,Sat Oct 17 19:07:39 2020,21.323943661971832
1317349712702271488,Sat Oct 17 06:20:21 2020,0.0
1317287222702338048,Sat Oct 17 02:12:02 2020,28.755555555555556
1317285831871115264,Sat Oct 17 02:06:30 2020,20.825688073394495
1317274309186838529,Sat Oct 17 01:20:43 2020,19.3
1317272361809313792,Sat Oct 17 01:12:59 2020,12.990654205607477
1317214620629700608,Fri Oct 16 21:23:32 2020,34.23913043478261
1317214415087755264,Fri Oct 16 21:22:43 2020,79.53481012658227
1317175148789690368,Fri Oct 16 18:46:42 2020,29.77777777777778
1317156038294990848,Fri Oct 16 17:30:45 2020,27.821374045801527
1317027685181267968,Fri Oct 16 09:00:43 2020,41.72244094488189
1317008759286243329,Fri Oct 16 07:45:31 2020,27.033333333333335
1317008535075528704,Fri Oct 16 07:44:38 2020,14.96938775510204
1317006136256679936,Fri Oct 16 07:35:06 2020,0.0
1317000694818394113,Fri Oct 16 07:13:28 2020,24.727272727272727
1316989268905086976,Fri Oct 16 06:28:04 2020,9.451187335092348
1316837174457896961,Thu Oct 15 20:23:42 2020,28.028985507246375
1316648310120345600,Thu Oct 15 07:53:13 2020,27.357142857142858
1316518510655352832,Wed Oct 14 23:17:27 2020,45.312035661218424
1316513925878480896,Wed Oct 14 22:59:14 2020,47.16981132075472
1316470537909137419,Wed Oct 14 20:06:49 2020,45.30976430976431
1316455272467005443,Wed Oct 14 19:06:10 2020,123.30952380952381
1316454693489516545,Wed Oct 14 19:03:52 2020,27.21484375
1316454051693895680,Wed Oct 14 19:01:19 2020,9.452386237513874
1316442326777110536,Wed Oct 14 18:14:43 2020,34.661764705882355
1316440688234508294,Wed Oct 14 18:08:13 2020,37.63934426229508
1316434397525049349,Wed Oct 14 17:43:13 2020,27.836734693877553
1316309830756425734,Wed Oct 14 09:28:14 2020,43.92395437262358
1316308998283460609,Wed Oct 14 09:24:55 2020,15.008266129032258
1316302229570285568,Wed Oct 14 08:58:01 2020,27.686567164179106
1316301322933731329,Wed Oct 14 08:54:25 2020,30.023809523809526
1316301283234648064,Wed Oct 14 08:54:16 2020,17.279411764705884
1316258179689443328,Wed Oct 14 06:02:59 2020,25.041666666666668
1316257231478939650,Wed Oct 14 05:59:13 2020,48.33064516129032
1316255322835759105,Wed Oct 14 05:51:38 2020,27.302013422818792
1316254148694867969,Wed Oct 14 05:46:58 2020,70.76136363636364
1316234026127163392,Wed Oct 14 04:27:00 2020,10.028170756857085
1316068005114126336,Tue Oct 13 17:27:18 2020,37.24657534246575
1316067078827323392,Tue Oct 13 17:23:37 2020,12.093879668049793
1315890853605306371,Tue Oct 13 05:43:22 2020,33.642363775901764
1315890608901292033,Tue Oct 13 05:42:23 2020,34.4054054054054
1315889826164400128,Tue Oct 13 05:39:17 2020,37.208333333333336
1315889517161709570,Tue Oct 13 05:38:03 2020,37.495
1315889193092935680,Tue Oct 13 05:36:46 2020,10.236105016820243
1315880171744882688,Tue Oct 13 05:00:55 2020,34.90756302521008
1315852218084417536,Tue Oct 13 03:09:50 2020,0.0
1315852210983510016,Tue Oct 13 03:09:49 2020,0.0
1315852060852584449,Tue Oct 13 03:09:13 2020,53.14150943396226
1315805485027651584,Tue Oct 13 00:04:08 2020,28.568181818181817
1315805016553222144,Tue Oct 13 00:02:17 2020,16.807692307692307
1315804075099787264,Mon Oct 12 23:58:32 2020,14.205992509363297
1315765178949087233,Mon Oct 12 21:23:59 2020,14.932926829268293
1315764183842066438,Mon Oct 12 21:20:01 2020,41.66216216216216
1315761991370375169,Mon Oct 12 21:11:19 2020,29.719714964370546
1315751528511094784,Mon Oct 12 20:29:44 2020,14.302857142857142
1315619758478258177,Mon Oct 12 11:46:08 2020,10.453038674033149
1315616137464307718,Mon Oct 12 11:31:44 2020,7.559701492537314
1315613354891726848,Mon Oct 12 11:20:41 2020,17.896551724137932
1315611624355504130,Mon Oct 12 11:13:48 2020,10.742857142857142
1315609760402599938,Mon Oct 12 11:06:24 2020,11.27927927927928
1315520908019204096,Mon Oct 12 05:13:20 2020,31.4375
1315520826892935169,Mon Oct 12 05:13:00 2020,49.85576923076923
1315500444127506433,Mon Oct 12 03:52:01 2020,28.676470588235293
1315488904099880965,Mon Oct 12 03:06:09 2020,17.94890510948905
1315478890274582535,Mon Oct 12 02:26:22 2020,23.841379310344827
1315473705510858752,Mon Oct 12 02:05:46 2020,24.743589743589745
1315472312976711680,Mon Oct 12 02:00:14 2020,26.12
1315453728976187393,Mon Oct 12 00:46:23 2020,42.65384615384615
1315453607316197377,Mon Oct 12 00:45:54 2020,12.380888290713324
1315448376163524608,Mon Oct 12 00:25:07 2020,30.830357142857142
1315437229263724545,Sun Oct 11 23:40:49 2020,34.37410071942446
1315436905199284226,Sun Oct 11 23:39:32 2020,13.312925170068027
1315435501743230976,Sun Oct 11 23:33:57 2020,15.746478873239436
1315390031851257856,Sun Oct 11 20:33:17 2020,22.414790996784564
1315371232968105984,Sun Oct 11 19:18:35 2020,23.864896073903
1315365652719255552,Sun Oct 11 18:56:24 2020,0.0
1315149991061512193,Sun Oct 11 04:39:26 2020,18.722689075630253
1315067166916448256,Sat Oct 10 23:10:20 2020,35.651162790697676
1315066959969411073,Sat Oct 10 23:09:30 2020,35.85956416464891
1315062128559095808,Sat Oct 10 22:50:18 2020,7.028641571194763
1315052624748535808,Sat Oct 10 22:12:32 2020,3.6173405277551924
1315045121675554816,Sat Oct 10 21:42:44 2020,23.716666666666665
1315028731551858688,Sat Oct 10 20:37:36 2020,23.65
1314802533043302401,Sat Oct 10 05:38:46 2020,29.9375
1314741760568954880,Sat Oct 10 01:37:17 2020,26.869565217391305
1314689966870425605,Fri Oct 09 22:11:28 2020,29.49473684210526
1314666526297923585,Fri Oct 09 20:38:19 2020,25.195804195804197
1314492577383698434,Fri Oct 09 09:07:07 2020,41.06367041198502
1314464290552807425,Fri Oct 09 07:14:43 2020,0.0
1314462406614093825,Fri Oct 09 07:07:13 2020,20.53940455341506
1314462047304847360,Fri Oct 09 07:05:48 2020,21.384364820846905
1314456159479308288,Fri Oct 09 06:42:24 2020,44.58064516129032
1314370094881964032,Fri Oct 09 01:00:25 2020,17.24418604651163
1314369059669061632,Fri Oct 09 00:56:18 2020,31.483870967741936
1314354279319298048,Thu Oct 08 23:57:34 2020,17.673780487804876
1314331641314242562,Thu Oct 08 22:27:37 2020,15.977419354838709
1314328552318341120,Thu Oct 08 22:15:20 2020,14.897058823529411
1314325593304051722,Thu Oct 08 22:03:35 2020,0.0
1314287894962622466,Thu Oct 08 19:33:47 2020,25.078125
1314287669233541124,Thu Oct 08 19:32:53 2020,39.55172413793103
1314283988400451584,Thu Oct 08 19:18:15 2020,9.088235294117647
1314281329069109249,Thu Oct 08 19:07:41 2020,19.39240506329114
1314280534604996608,Thu Oct 08 19:04:32 2020,23.390625
1314280348797284354,Thu Oct 08 19:03:47 2020,23.22641509433962
1314265240268402691,Thu Oct 08 18:03:45 2020,7.68760907504363
1314113518921289728,Thu Oct 08 08:00:52 2020,33.26086956521739
1314113154696310784,Thu Oct 08 07:59:25 2020,41.099378881987576
1314112331480260609,Thu Oct 08 07:56:09 2020,33.66456494325347
1313953038378434561,Wed Oct 07 21:23:11 2020,27.551724137931036
1313952797138857996,Wed Oct 07 21:22:13 2020,17.17829457364341
1313952039869788173,Wed Oct 07 21:19:13 2020,23.278350515463917
1313951811758424064,Wed Oct 07 21:18:18 2020,19.68
1313951703931248642,Wed Oct 07 21:17:52 2020,24.381818181818183
1313951415446970368,Wed Oct 07 21:16:44 2020,38.142857142857146
1313951138702655488,Wed Oct 07 21:15:38 2020,26.697674418604652
1313950792450179074,Wed Oct 07 21:14:15 2020,39.48979591836735
1313950175128420353,Wed Oct 07 21:11:48 2020,6.282631038026722
1313949241744805895,Wed Oct 07 21:08:05 2020,39.47540983606557
1313948554784800768,Wed Oct 07 21:05:22 2020,16.770186335403725
1313920631868661761,Wed Oct 07 19:14:24 2020,46.12903225806452
1313874241134063616,Wed Oct 07 16:10:04 2020,20.73913043478261
1313872617070358528,Wed Oct 07 16:03:37 2020,16.241206030150753
1313872435821899776,Wed Oct 07 16:02:53 2020,16.070921985815602
1313869845570768896,Wed Oct 07 15:52:36 2020,15.762376237623762
1313869332003401728,Wed Oct 07 15:50:33 2020,8.722488038277511
1313864996737232896,Wed Oct 07 15:33:20 2020,13.147286821705427
1313864611997855744,Wed Oct 07 15:31:48 2020,13.94392523364486
1313864182350204928,Wed Oct 07 15:30:06 2020,12.804878048780488
1313861394257899520,Wed Oct 07 15:19:01 2020,10.545893719806763
1313858597428826120,Wed Oct 07 15:07:54 2020,17.433526011560694
1313857184539774977,Wed Oct 07 15:02:17 2020,9.72972972972973
1313855469719560192,Wed Oct 07 14:55:28 2020,14.841269841269842
1313854912212750346,Wed Oct 07 14:53:15 2020,7.167168674698795
1313851025770582016,Wed Oct 07 14:37:49 2020,31.0
1313850036564963328,Wed Oct 07 14:33:53 2020,7.378103837471783
1313844207757537281,Wed Oct 07 14:10:43 2020,22.142857142857142
1313842466328662016,Wed Oct 07 14:03:48 2020,19.52173913043478
1313840713075916818,Wed Oct 07 13:56:50 2020,29.60135135135135
1313839241789571073,Wed Oct 07 13:50:59 2020,29.844086021505376
1313585050273931264,Tue Oct 06 21:00:55 2020,54.88666666666666
1313512170336944128,Tue Oct 06 16:11:19 2020,31.456521739130434
1313471733916151809,Tue Oct 06 13:30:39 2020,0.0
1313462965778157569,Tue Oct 06 12:55:48 2020,14.226700251889168
1313462058873229318,Tue Oct 06 12:52:12 2020,0.0
1313450351366873090,Tue Oct 06 12:05:41 2020,16.14965986394558
1313448952499367936,Tue Oct 06 12:00:07 2020,14.71957671957672
1313446518695763968,Tue Oct 06 11:50:27 2020,19.876404494382022
1313445121325580289,Tue Oct 06 11:44:54 2020,12.827633378932969
1313440040991694849,Tue Oct 06 11:24:42 2020,15.010386819484241
1313338851566514176,Tue Oct 06 04:42:37 2020,8.808558558558559
1313284721426796546,Tue Oct 06 01:07:31 2020,21.09765625
1313263283126841350,Mon Oct 05 23:42:20 2020,12.093003412969283
1313259022942957568,Mon Oct 05 23:25:24 2020,28.415384615384614
1313258373031309312,Mon Oct 05 23:22:49 2020,15.0254329004329
1313257654328995841,Mon Oct 05 23:19:58 2020,27.934782608695652
1313252155776794626,Mon Oct 05 22:58:07 2020,35.38461538461539
1313248199990272004,Mon Oct 05 22:42:24 2020,25.647058823529413
1313247231613587459,Mon Oct 05 22:38:33 2020,22.095693779904305
1313245096809320448,Mon Oct 05 22:30:04 2020,34.868852459016395
1313242842303787017,Mon Oct 05 22:21:07 2020,22.132990448199852
1313233897195540487,Mon Oct 05 21:45:34 2020,15.077922077922079
1313210059078459397,Mon Oct 05 20:10:51 2020,17.489436619718308
1312760295228547073,Sun Oct 04 14:23:38 2020,18.917212470526593
1312755779951226880,Sun Oct 04 14:05:42 2020,16.042236127120038
1312749532933877761,Sun Oct 04 13:40:53 2020,28.878048780487806
1312591262747299841,Sun Oct 04 03:11:58 2020,19.47142857142857
1312545997499719680,Sun Oct 04 00:12:06 2020,8.407660070582304
1312544132380778496,Sun Oct 04 00:04:41 2020,14.227261603719716
1312253928667410432,Sat Oct 03 04:51:31 2020,13.815384615384616
1312252573575860226,Sat Oct 03 04:46:08 2020,19.021897810218977
1312251818731167744,Sat Oct 03 04:43:08 2020,21.306513409961685
1312250543553744896,Sat Oct 03 04:38:04 2020,36.926829268292686
1312249542125842434,Sat Oct 03 04:34:05 2020,26.226019845644984
1312175510244356096,Fri Oct 02 23:39:55 2020,31.44458930899609
1312092581933641729,Fri Oct 02 18:10:23 2020,38.851851851851855
1312085524572639233,Fri Oct 02 17:42:21 2020,53.5625
1311932353879646209,Fri Oct 02 07:33:42 2020,23.833333333333332
1311931936261263360,Fri Oct 02 07:32:02 2020,5.657657657657658
1311928474479792129,Fri Oct 02 07:18:17 2020,9.218861209964412
1311927387421106176,Fri Oct 02 07:13:58 2020,28.490909090909092
1311926507003088896,Fri Oct 02 07:10:28 2020,51.36363636363637
1311925958325211136,Fri Oct 02 07:08:17 2020,23.220338983050848
1311923618679607298,Fri Oct 02 06:58:59 2020,12.06060606060606
1311921724540190720,Fri Oct 02 06:51:28 2020,23.57377049180328
1311921153347383296,Fri Oct 02 06:49:11 2020,15.789473684210526
1311907493182926849,Fri Oct 02 05:54:55 2020,23.154929577464788
1311905182230491137,Fri Oct 02 05:45:44 2020,11.680851063829786
1311881562728747010,Fri Oct 02 04:11:52 2020,37.177215189873415
1311880821377175552,Fri Oct 02 04:08:56 2020,17.154929577464788
1311879083379224577,Fri Oct 02 04:02:01 2020,21.68888888888889
1311868226809204737,Fri Oct 02 03:18:53 2020,69.2285368802902
1311818032671453184,Thu Oct 01 23:59:26 2020,27.50228310502283
1311816473434701824,Thu Oct 01 23:53:14 2020,34.28333333333333
1311816064733380609,Thu Oct 01 23:51:36 2020,32.5655737704918
1311748941097185281,Thu Oct 01 19:24:53 2020,19.920454545454547
1311748649081339907,Thu Oct 01 19:23:43 2020,22.964912280701753
1311743665467994112,Thu Oct 01 19:03:55 2020,37.69035532994924
1311743023135502337,Thu Oct 01 19:01:22 2020,24.31578947368421
1311732816129003520,Thu Oct 01 18:20:48 2020,23.073033707865168
1311538413938438144,Thu Oct 01 05:28:19 2020,30.806267806267805
1311187745323331584,Wed Sep 30 06:14:53 2020,35.486486486486484
1311187439600513031,Wed Sep 30 06:13:40 2020,36.76086956521739
1311186977115561985,Wed Sep 30 06:11:50 2020,24.62
1311004929654509569,Tue Sep 29 18:08:27 2020,14.78735632183908
1311004145898459144,Tue Sep 29 18:05:20 2020,0.0
1311004112901877761,Tue Sep 29 18:05:12 2020,0.0
1311004096825040896,Tue Sep 29 18:05:08 2020,0.0
1310907440871899138,Tue Sep 29 11:41:04 2020,38.32608695652174
1310883806199586816,Tue Sep 29 10:07:09 2020,0.0
1310736203482836993,Tue Sep 29 00:20:37 2020,18.80677966101695
1310672832783884290,Mon Sep 28 20:08:49 2020,7.381661442006269
1310670852703346689,Mon Sep 28 20:00:57 2020,20.358695652173914
1310669500862345219,Mon Sep 28 19:55:34 2020,12.650165016501651
1310650504373063689,Mon Sep 28 18:40:05 2020,53.22834645669291
1310486616075579393,Mon Sep 28 07:48:51 2020,16.772357723577237
1310485952712904704,Mon Sep 28 07:46:13 2020,38.8421052631579
1310485091920084992,Mon Sep 28 07:42:48 2020,8.614084507042254
1310483859507687425,Mon Sep 28 07:37:54 2020,23.674074074074074
1310480901135126528,Mon Sep 28 07:26:09 2020,28.982616651418116
1310383295650168833,Mon Sep 28 00:58:18 2020,24.317204301075268
1310371499195289600,Mon Sep 28 00:11:25 2020,21.840579710144926
1310003337752801280,Sat Sep 26 23:48:29 2020,12.976340694006309
1310001082278371328,Sat Sep 26 23:39:31 2020,5.846778883840895
1309998185725657088,Sat Sep 26 23:28:00 2020,20.2
1309995046997909504,Sat Sep 26 23:15:32 2020,32.26923076923077
1309952693021016064,Sat Sep 26 20:27:14 2020,38.2
1309951571904536576,Sat Sep 26 20:22:47 2020,15.869318181818182
1309950280159490048,Sat Sep 26 20:17:39 2020,34.44
1309943983733272576,Sat Sep 26 19:52:37 2020,23.34136546184739
1309942048410071040,Sat Sep 26 19:44:56 2020,22.732450862414762
1309940911187476480,Sat Sep 26 19:40:25 2020,14.94488188976378
1309917000546676736,Sat Sep 26 18:05:24 2020,45.14385964912281
1309916454616145920,Sat Sep 26 18:03:14 2020,19.4375
1309915379041402881,Sat Sep 26 17:58:58 2020,14.439490445859873
1309912233921531905,Sat Sep 26 17:46:28 2020,16.788659793814432
1309910946219876353,Sat Sep 26 17:41:21 2020,24.411688311688312
1309910141140049921,Sat Sep 26 17:38:09 2020,27.842028985507245
1309909732954533889,Sat Sep 26 17:36:31 2020,12.455898143887099
1309903204759420929,Sat Sep 26 17:10:35 2020,18.192137320044296
1309754734606073857,Sat Sep 26 07:20:37 2020,27.0
1309748863750684673,Sat Sep 26 06:57:17 2020,74.20930232558139
1309739289681379328,Sat Sep 26 06:19:15 2020,0.0
1309702414212055042,Sat Sep 26 03:52:43 2020,40.38
1309684470207791104,Sat Sep 26 02:41:25 2020,38.6578947368421
1309678444020527104,Sat Sep 26 02:17:28 2020,13.401898734177216
1309673770987085824,Sat Sep 26 01:58:54 2020,20.511904761904763
1309672083006259200,Sat Sep 26 01:52:11 2020,10.248093385214007
1309670976959856642,Sat Sep 26 01:47:48 2020,47.91304347826087
1309670811767242753,Sat Sep 26 01:47:08 2020,20.489270386266096
1309657470973825025,Sat Sep 26 00:54:07 2020,44.603053435114504
1309630647690866688,Fri Sep 25 23:07:32 2020,40.43693693693694
1309416093136674817,Fri Sep 25 08:54:59 2020,23.47887323943662
1309415319455379456,Fri Sep 25 08:51:54 2020,37.475
1309405610484682752,Fri Sep 25 08:13:19 2020,40.25
1309404354319978496,Fri Sep 25 08:08:20 2020,29.02173913043478
1309401999121801217,Fri Sep 25 07:58:58 2020,28.853658536585368
1309400894258270209,Fri Sep 25 07:54:35 2020,8.327380952380953
1309396653565259779,Fri Sep 25 07:37:44 2020,48.784946236559136
1309395874389295105,Fri Sep 25 07:34:38 2020,21.5
1309395269981802496,Fri Sep 25 07:32:14 2020,45.34640522875817
1309393328987926530,Fri Sep 25 07:24:31 2020,14.873239436619718
1309390263333289986,Fri Sep 25 07:12:20 2020,17.04737834132968
1309385977081794561,Fri Sep 25 06:55:18 2020,51.642857142857146
1309385646033842176,Fri Sep 25 06:53:59 2020,29.08173076923077
1309379020107255808,Fri Sep 25 06:27:40 2020,0.0
1309379006370926593,Fri Sep 25 06:27:36 2020,0.0
1309175176081399811,Thu Sep 24 16:57:39 2020,15.120533182076008
1309052632850468864,Thu Sep 24 08:50:43 2020,9.52803738317757
1308974330542514176,Thu Sep 24 03:39:34 2020,33.15384615384615
1308959127499014146,Thu Sep 24 02:39:09 2020,17.46864686468647
1308911979084550144,Wed Sep 23 23:31:48 2020,32.79129923574368
1308876843949359111,Wed Sep 23 21:12:12 2020,44.53658536585366
1308875716365352961,Wed Sep 23 21:07:43 2020,42.44444444444444
1308874255858364416,Wed Sep 23 21:01:54 2020,11.03801652892562
1308820856856932352,Wed Sep 23 17:29:43 2020,33.76068376068376
1308819183652597761,Wed Sep 23 17:23:04 2020,46.714285714285715
1308681468793643009,Wed Sep 23 08:15:50 2020,19.475247524752476
1308579242582503425,Wed Sep 23 01:29:38 2020,56.55357142857143
1308563749888864257,Wed Sep 23 00:28:04 2020,10.14616836116822
1308563044423725056,Wed Sep 23 00:25:16 2020,27.243243243243242
1308562698137821184,Wed Sep 23 00:23:53 2020,15.854014598540147
1308561053366718464,Wed Sep 23 00:17:21 2020,23.440366972477065
1308547741862125569,Tue Sep 22 23:24:27 2020,20.904255319148938
1308547580368883713,Tue Sep 22 23:23:49 2020,29.28448275862069
1308511896635494401,Tue Sep 22 21:02:01 2020,24.74576271186441
1308511431378124800,Tue Sep 22 21:00:10 2020,0.0
1308284091142266881,Tue Sep 22 05:56:48 2020,13.457390648567118
1308201260722524160,Tue Sep 22 00:27:40 2020,40.89795918367347
1308149191684710400,Mon Sep 21 21:00:46 2020,16.502629272567923
1308148212876812289,Mon Sep 21 20:56:52 2020,12.533221194280909
1308147618791350272,Mon Sep 21 20:54:31 2020,50.509433962264154
1308147514730622977,Mon Sep 21 20:54:06 2020,27.511111111111113
1308147358568337408,Mon Sep 21 20:53:29 2020,20.975
1308146332347949056,Mon Sep 21 20:49:24 2020,27.64830508474576
1308145945024950274,Mon Sep 21 20:47:52 2020,18.246153846153845
1308140871041204225,Mon Sep 21 20:27:42 2020,35.701492537313435
1307830148545343488,Sun Sep 20 23:53:00 2020,28.11764705882353
1307829746466729984,Sun Sep 20 23:51:24 2020,22.58
1307829289719660544,Sun Sep 20 23:49:35 2020,32.22727272727273
1307829208954044423,Sun Sep 20 23:49:16 2020,25.0327868852459
1307829095552647170,Sun Sep 20 23:48:49 2020,11.211340206185566
1307828504537567234,Sun Sep 20 23:46:28 2020,30.689655172413794
1307828265445400579,Sun Sep 20 23:45:31 2020,14.10909090909091
1307825396784693248,Sun Sep 20 23:34:07 2020,20.5
1307823914651979776,Sun Sep 20 23:28:14 2020,12.264705882352942
1307822558084034560,Sun Sep 20 23:22:50 2020,24.165467625899282
1307822172556193793,Sun Sep 20 23:21:18 2020,21.046153846153846
1307791646348771334,Sun Sep 20 21:20:00 2020,28.265625
1307780937007149057,Sun Sep 20 20:37:27 2020,17.642276422764226
1307780443157258240,Sun Sep 20 20:35:29 2020,20.855457227138643
1307523249841082368,Sun Sep 20 03:33:30 2020,28.86283185840708
1307368746655285248,Sat Sep 19 17:19:33 2020,21.187719298245614
1307365838723350536,Sat Sep 19 17:08:00 2020,15.022199277232835
1307364538631811073,Sat Sep 19 17:02:50 2020,11.950310559006212
1307360795064442881,Sat Sep 19 16:47:57 2020,10.67487684729064
1307356512411672578,Sat Sep 19 16:30:56 2020,22.58897989575577
1307348573290401795,Sat Sep 19 15:59:23 2020,21.42888888888889
1306991980354834433,Fri Sep 18 16:22:25 2020,7.869222854503076
1306987524615675904,Fri Sep 18 16:04:43 2020,21.8046875
1306986272934621184,Fri Sep 18 15:59:44 2020,25.178861788617887
1306778373314826240,Fri Sep 18 02:13:37 2020,26.959119496855347
1306656105666195456,Thu Sep 17 18:07:46 2020,39.979757085020246
1306504307148075008,Thu Sep 17 08:04:35 2020,15.341369334619094
1306491844512026624,Thu Sep 17 07:15:03 2020,17.147949291573454
1306452601299501057,Thu Sep 17 04:39:07 2020,18.656934306569344
1306420746634145792,Thu Sep 17 02:32:32 2020,25.773333333333333
1306326594202431488,Wed Sep 16 20:18:25 2020,21.594513501928848
1306326024188125184,Wed Sep 16 20:16:09 2020,13.068965517241379
1306321220799836160,Wed Sep 16 19:57:03 2020,34.36363636363637
1306316854793699328,Wed Sep 16 19:39:43 2020,16.863363363363362
1306313372116291584,Wed Sep 16 19:25:52 2020,16.646551724137932
1306311698811297797,Wed Sep 16 19:19:13 2020,15.346987002756991
1306142845049303042,Wed Sep 16 08:08:15 2020,40.25
1306140747066826753,Wed Sep 16 07:59:55 2020,31.516129032258064
1306139460577320960,Wed Sep 16 07:54:48 2020,19.379310344827587
1306132452012822529,Wed Sep 16 07:26:57 2020,45.69208494208494
1306131538694684672,Wed Sep 16 07:23:20 2020,15.838427947598253
1305978108240068613,Tue Sep 15 21:13:39 2020,42.068738792588164
1305977917843873799,Tue Sep 15 21:12:54 2020,13.047307383166839
1305967030701613059,Tue Sep 15 20:29:38 2020,11.526330650854158
1305964219066658816,Tue Sep 15 20:18:28 2020,57.857142857142854
1305963993165697026,Tue Sep 15 20:17:34 2020,56.588235294117645
1305963097207734273,Tue Sep 15 20:14:00 2020,22.895299145299145
1305961297608089601,Tue Sep 15 20:06:51 2020,27.746268656716417
1305906872436903936,Tue Sep 15 16:30:35 2020,33.234042553191486
1305902271239270400,Tue Sep 15 16:12:18 2020,26.94557823129252
1305901626969010176,Tue Sep 15 16:09:45 2020,20.40939947780679
1305901516239273986,Tue Sep 15 16:09:18 2020,14.10894495412844
1305684908980031488,Tue Sep 15 01:48:35 2020,20.095588235294116
1305683470107148288,Tue Sep 15 01:42:52 2020,22.535816618911173
1305668355764809732,Tue Sep 15 00:42:48 2020,30.522151898734176
1305570412349321216,Mon Sep 14 18:13:37 2020,13.827365425658051
1305559241458155523,Mon Sep 14 17:29:13 2020,36.30259365994236
1305435240576425984,Mon Sep 14 09:16:29 2020,10.21911421911422
1305427860627296256,Mon Sep 14 08:47:10 2020,43.96551724137931
1305427232920346624,Mon Sep 14 08:44:40 2020,27.304455445544555
1305426401395437568,Mon Sep 14 08:41:22 2020,17.092645654250237
1305253197242540032,Sun Sep 13 21:13:07 2020,40.24096385542169
1305223038082801664,Sun Sep 13 19:13:16 2020,20.04705882352941
1305222524012097536,Sun Sep 13 19:11:14 2020,29.29230769230769
1305206057984118784,Sun Sep 13 18:05:48 2020,30.916201117318437
1304837274429829121,Sat Sep 12 17:40:23 2020,24.314757481940145
1304836575075819520,Sat Sep 12 17:37:36 2020,11.697810218978102
1304835296559652864,Sat Sep 12 17:32:32 2020,19.83703703703704
1304812867011579904,Sat Sep 12 16:03:24 2020,28.19148936170213
1304806457376796672,Sat Sep 12 15:37:56 2020,34.17948717948718
1304806282755338240,Sat Sep 12 15:37:14 2020,12.108433734939759
1304803606030249985,Sat Sep 12 15:26:36 2020,43.06666666666667
1304802463615127553,Sat Sep 12 15:22:04 2020,36.23529411764706
1304802133355556864,Sat Sep 12 15:20:45 2020,7.544747081712062
1304799934273654784,Sat Sep 12 15:12:00 2020,18.96144578313253
1304792968130224128,Sat Sep 12 14:44:20 2020,36.48461538461538
1304792315634966529,Sat Sep 12 14:41:44 2020,11.616966580976865
1304627336470384640,Sat Sep 12 03:46:10 2020,21.91160220994475
1304445872885780480,Fri Sep 11 15:45:06 2020,11.220581479293823
1304441544913481730,Fri Sep 11 15:27:54 2020,18.21474358974359
1304441223738925057,Fri Sep 11 15:26:37 2020,18.782816229116946
1304196136660598785,Thu Sep 10 23:12:44 2020,36.81188118811881
1304175179606695937,Thu Sep 10 21:49:27 2020,14.70050563982886
1304163298934480905,Thu Sep 10 21:02:15 2020,32.893134934054785
1303960212794159105,Thu Sep 10 07:35:15 2020,28.583333333333332
1303941994578956288,Thu Sep 10 06:22:52 2020,12.792207792207792
1303940434457243648,Thu Sep 10 06:16:40 2020,27.11904761904762
1303939089150996480,Thu Sep 10 06:11:19 2020,13.986666666666666
1303937534595141632,Thu Sep 10 06:05:08 2020,18.934725848563968
1303932208235917312,Thu Sep 10 05:43:58 2020,35.54776299879081
1303897732487274497,Thu Sep 10 03:26:59 2020,6.021699819168173
1303894146919403521,Thu Sep 10 03:12:44 2020,12.563953488372093
1303802636827799555,Wed Sep 09 21:09:06 2020,9.563345195729537
1303793275141316608,Wed Sep 09 20:31:54 2020,38.217451523545705
1303781933244178433,Wed Sep 09 19:46:50 2020,0.0
1303746469955096585,Wed Sep 09 17:25:55 2020,33.8994708994709
1303743774330441728,Wed Sep 09 17:15:12 2020,6.522233561743694
1303737522489626624,Wed Sep 09 16:50:22 2020,0.0
1303529636681269254,Wed Sep 09 03:04:18 2020,51.19047619047619
1303508309824081921,Wed Sep 09 01:39:33 2020,81.01694915254237
1303495330223198208,Wed Sep 09 00:47:59 2020,16.859430604982208
1303493547832668160,Wed Sep 09 00:40:54 2020,25.094017094017094
1303376024646889472,Tue Sep 08 16:53:54 2020,6.4320782812167625
1303105589283663872,Mon Sep 07 22:59:17 2020,76.0
1303104855993589762,Mon Sep 07 22:56:22 2020,46.41621621621621
1303102454741958656,Mon Sep 07 22:46:50 2020,18.571733771569434
1302923289312911361,Mon Sep 07 10:54:53 2020,18.880452342487885
1302096802687188993,Sat Sep 05 04:10:44 2020,35.8974358974359
1302075071398199296,Sat Sep 05 02:44:23 2020,32.674698795180724
1302069036621033472,Sat Sep 05 02:20:24 2020,25.68240850059032
1302040623239712768,Sat Sep 05 00:27:29 2020,0.0
1301948595776618496,Fri Sep 04 18:21:48 2020,33.55605381165919
1301948393393012737,Fri Sep 04 18:21:00 2020,21.535947712418302
1301757211727757312,Fri Sep 04 05:41:19 2020,16.804624277456647
1301747460587560960,Fri Sep 04 05:02:34 2020,11.879398334676337
1301745679354728448,Fri Sep 04 04:55:29 2020,21.76388888888889
1301666289249857537,Thu Sep 03 23:40:01 2020,23.88978494623656
1301647642846547971,Thu Sep 03 22:25:56 2020,18.226564712546022
1301642292424515586,Thu Sep 03 22:04:40 2020,28.583571614244867
1301639805995020289,Thu Sep 03 21:54:47 2020,64.79569892473118
1301531337896140809,Thu Sep 03 14:43:46 2020,0.0
1301531285899411457,Thu Sep 03 14:43:34 2020,0.0
1301305518196224001,Wed Sep 02 23:46:27 2020,18.09375
1301304810428391427,Wed Sep 02 23:43:38 2020,18.87730061349693
1300700639786340353,Tue Sep 01 07:42:53 2020,15.540983606557377
1300699036505247744,Tue Sep 01 07:36:30 2020,30.17948717948718
1300698709240487936,Tue Sep 01 07:35:12 2020,26.72340425531915
1300698052026683394,Tue Sep 01 07:32:36 2020,17.58108108108108
1300609764284661760,Tue Sep 01 01:41:46 2020,36.9622641509434
1300608733135937539,Tue Sep 01 01:37:40 2020,19.583333333333332
1300608501048373248,Tue Sep 01 01:36:45 2020,21.511904761904763
1300608272593047555,Tue Sep 01 01:35:50 2020,21.39622641509434
1300575702585090049,Mon Aug 31 23:26:25 2020,0.0
1300568051339976705,Mon Aug 31 22:56:01 2020,35.7
1300508980154896386,Mon Aug 31 19:01:17 2020,36.44
1300503031470010370,Mon Aug 31 18:37:39 2020,14.370892319518289
1300491251880525826,Mon Aug 31 17:50:51 2020,34.39393939393939
1300274146945970177,Mon Aug 31 03:28:09 2020,0.0
1300257469428641792,Mon Aug 31 02:21:52 2020,0.0
1300257435727298561,Mon Aug 31 02:21:44 2020,0.0
1300257411714953216,Mon Aug 31 02:21:39 2020,0.0
1300240382949822464,Mon Aug 31 01:13:59 2020,43.0353982300885
1300233571286822913,Mon Aug 31 00:46:55 2020,0.0
1300189771197628417,Sun Aug 30 21:52:52 2020,10.35089209855565
1300136618318278656,Sun Aug 30 18:21:39 2020,14.048192771084338
1300129744046952448,Sun Aug 30 17:54:20 2020,15.185286103542234
1300110470498705408,Sun Aug 30 16:37:45 2020,23.973684210526315
1300108824817397760,Sun Aug 30 16:31:13 2020,32.0
1300107789679972353,Sun Aug 30 16:27:06 2020,32.48360655737705
1300106137413582849,Sun Aug 30 16:20:32 2020,26.171270718232044
1300104995476574211,Sun Aug 30 16:16:00 2020,12.05788876276958
1300102343741124614,Sun Aug 30 16:05:28 2020,60.144067796610166
1300101097802141703,Sun Aug 30 16:00:31 2020,30.306922769107643
1300098773348241408,Sun Aug 30 15:51:16 2020,11.4955919395466
1300094458751586304,Sun Aug 30 15:34:08 2020,7.509090909090909
1300091877014810624,Sun Aug 30 15:23:52 2020,10.514285714285714
1300088433130561536,Sun Aug 30 15:10:11 2020,7.018987341772152
1300086250679001089,Sun Aug 30 15:01:31 2020,26.952380952380953
1300081216218189825,Sun Aug 30 14:41:30 2020,8.45367412140575
1300077893352030209,Sun Aug 30 14:28:18 2020,8.133734939759035
1299957148009394176,Sun Aug 30 06:28:30 2020,32.275862068965516
1299954063174377474,Sun Aug 30 06:16:15 2020,27.270833333333332
1299924292709224448,Sun Aug 30 04:17:57 2020,17.29126213592233
1299900609139630084,Sun Aug 30 02:43:50 2020,63.16859122401848
1299839693320724480,Sat Aug 29 22:41:47 2020,44.10526315789474
1299839516065234944,Sat Aug 29 22:41:05 2020,24.751918158567776
1299710034192941056,Sat Aug 29 14:06:34 2020,19.175824175824175
1299646174874329088,Sat Aug 29 09:52:49 2020,36.015625
1299641513450721280,Sat Aug 29 09:34:17 2020,23.690140845070424
1299633884129193984,Sat Aug 29 09:03:58 2020,14.865384615384615
1299620462306099201,Sat Aug 29 08:10:38 2020,31.11111111111111
1299604114054225921,Sat Aug 29 07:05:40 2020,37.206422018348626
1299530557529808897,Sat Aug 29 02:13:23 2020,22.559139784946236
1299512615001964544,Sat Aug 29 01:02:05 2020,13.471328015016423
1299512281730961409,Sat Aug 29 01:00:46 2020,0.0
1299474927565770753,Fri Aug 28 22:32:20 2020,13.09461702632203
1299430971494731776,Fri Aug 28 19:37:40 2020,8.282432246526344
1299423888556855299,Fri Aug 28 19:09:31 2020,26.037735849056602
1299423127605256194,Fri Aug 28 19:06:30 2020,24.029850746268657
1299422822205452288,Fri Aug 28 19:05:17 2020,5.354661791590494
1299422160667250689,Fri Aug 28 19:02:39 2020,13.063829787234043
1299397894135373824,Fri Aug 28 17:26:14 2020,26.0995670995671
1299373520179216384,Fri Aug 28 15:49:23 2020,29.827868852459016
1299240890947436545,Fri Aug 28 07:02:21 2020,14.123376623376624
1299239536535375872,Fri Aug 28 06:56:58 2020,12.46183953033268
1299238808492191744,Fri Aug 28 06:54:05 2020,41.206896551724135
1299236792479019009,Fri Aug 28 06:46:04 2020,58.27173913043478
1299223737779200001,Fri Aug 28 05:54:12 2020,47.47868217054263
1299203602662137862,Fri Aug 28 04:34:11 2020,28.379746835443036
1299175947174780929,Fri Aug 28 02:44:17 2020,31.448
1299105277485088768,Thu Aug 27 22:03:29 2020,29.702549575070822
1299033095438340096,Thu Aug 27 17:16:39 2020,31.406779661016948
1298881709262462976,Thu Aug 27 07:15:06 2020,8.596685082872929
1298880004332412929,Thu Aug 27 07:08:19 2020,18.791044776119403
1298874856210149376,Thu Aug 27 06:47:52 2020,16.058139534883722
1298869205853515776,Thu Aug 27 06:25:25 2020,31.72641509433962
1298860390516961283,Thu Aug 27 05:50:23 2020,58.883720930232556
1298858283852234752,Thu Aug 27 05:42:01 2020,15.971628522791754
1298852911334780928,Thu Aug 27 05:20:40 2020,39.36296296296296
1298841950448160768,Thu Aug 27 04:37:06 2020,13.527724049000645
1298827537645285376,Thu Aug 27 03:39:50 2020,25.073836276083465
1298735168161755136,Wed Aug 26 21:32:48 2020,33.75909090909091
1298729800773836806,Wed Aug 26 21:11:28 2020,36.390243902439025
1298729549908377603,Wed Aug 26 21:10:28 2020,15.988584474885844
1298728145366011904,Wed Aug 26 21:04:53 2020,32.19444444444444
1298667156687781889,Wed Aug 26 17:02:32 2020,23.288770053475936
1298508150149193730,Wed Aug 26 06:30:42 2020,22.836206896551722
1298495332100251648,Wed Aug 26 05:39:46 2020,6.757114493712773
1298494373278220290,Wed Aug 26 05:35:58 2020,5.0879012884909365
1298486952774303744,Wed Aug 26 05:06:28 2020,30.683363148479426
1298452372704894979,Wed Aug 26 02:49:04 2020,37.76923076923077
1298451580644204546,Wed Aug 26 02:45:55 2020,14.882352941176471
1298426245991063554,Wed Aug 26 01:05:15 2020,17.74251497005988
1298364279217958912,Tue Aug 25 20:59:01 2020,38.44468085106383
1298350042894327808,Tue Aug 25 20:02:27 2020,15.773399014778326
1298133433093414913,Tue Aug 25 05:41:43 2020,23.444715943799633
1298116521991057408,Tue Aug 25 04:34:31 2020,21.8
1298115386869678080,Tue Aug 25 04:30:00 2020,12.218390804597702
1298076560843579392,Tue Aug 25 01:55:43 2020,20.82198952879581
1298025943609380864,Mon Aug 24 22:34:35 2020,38.69230769230769
1298025540742524928,Mon Aug 24 22:32:59 2020,21.507042253521128
1298019842356703232,Mon Aug 24 22:10:21 2020,21.94904458598726
1298018463869411330,Mon Aug 24 22:04:52 2020,33.75409836065574
1298017992198877184,Mon Aug 24 22:03:00 2020,78.62349397590361
1298017825294966784,Mon Aug 24 22:02:20 2020,11.666666666666666
1298017332904620033,Mon Aug 24 22:00:22 2020,13.576923076923077
1297966299671228416,Mon Aug 24 18:37:35 2020,16.989276139410187
1296996756735930368,Sat Aug 22 02:24:58 2020,0.0
1296906422110707713,Fri Aug 21 20:26:01 2020,26.19371727748691
1296831361987223552,Fri Aug 21 15:27:45 2020,7.034841519477377
1296821880758734848,Fri Aug 21 14:50:04 2020,0.0
1296624070042083329,Fri Aug 21 01:44:03 2020,20.4874213836478
1296570255297220609,Thu Aug 20 22:10:12 2020,9.812178387650086
1296525166520840192,Thu Aug 20 19:11:02 2020,8.510889712696942
1296524802983788544,Thu Aug 20 19:09:35 2020,21.03875236294896
1296364519569215489,Thu Aug 20 08:32:41 2020,54.74390243902439
1296363892067762177,Thu Aug 20 08:30:11 2020,77.38888888888889
1296362191562723328,Thu Aug 20 08:23:26 2020,17.575057736720556
1296360799498391552,Thu Aug 20 08:17:54 2020,15.444853327725792
1296359612141187073,Thu Aug 20 08:13:11 2020,12.392884983346326
1296351158672461824,Thu Aug 20 07:39:35 2020,30.203703703703702
1296350652872916992,Thu Aug 20 07:37:35 2020,18.672
1296339408547975170,Thu Aug 20 06:52:54 2020,18.33033033033033
1296324236773068800,Thu Aug 20 05:52:37 2020,17.74699690402477
1296321978555682817,Thu Aug 20 05:43:38 2020,26.157894736842106
1296313787780341760,Thu Aug 20 05:11:06 2020,23.508630609896432
1296275496942972928,Thu Aug 20 02:38:56 2020,12.79014765451457
1296218556644950018,Wed Aug 19 22:52:41 2020,19.285714285714285
1296217068413628417,Wed Aug 19 22:46:46 2020,44.95238095238095
1296174272310915072,Wed Aug 19 19:56:42 2020,40.38461538461539
1296173931494350852,Wed Aug 19 19:55:21 2020,21.76429567642957
1296172030279258119,Wed Aug 19 19:47:48 2020,13.691955617198335
1296170277899055110,Wed Aug 19 19:40:50 2020,26.623762376237625
1296169488887566337,Wed Aug 19 19:37:42 2020,32.310344827586206
1296169315763396610,Wed Aug 19 19:37:01 2020,33.59375
1296169273434542080,Wed Aug 19 19:36:51 2020,16.114754098360656
1296168444237418497,Wed Aug 19 19:33:33 2020,25.493506493506494
1296161669630967808,Wed Aug 19 19:06:38 2020,18.13953488372093
1296160158968451072,Wed Aug 19 19:00:38 2020,24.166666666666668
1296159417163948033,Wed Aug 19 18:57:41 2020,24.946428571428573
1296158878980177920,Wed Aug 19 18:55:32 2020,28.09090909090909
1296158590646939649,Wed Aug 19 18:54:24 2020,15.711538461538462
1296149485555339264,Wed Aug 19 18:18:13 2020,24.954198473282442
1296148766714560512,Wed Aug 19 18:15:21 2020,16.681818181818183
1296134367312515072,Wed Aug 19 17:18:08 2020,26.520833333333332
1296133672018599936,Wed Aug 19 17:15:23 2020,39.214285714285715
1295964157204979712,Wed Aug 19 06:01:47 2020,17.387683284457477
1295907719317204992,Wed Aug 19 02:17:31 2020,20.680555555555557
1295886219168092161,Wed Aug 19 00:52:05 2020,0.0
1295883862380294144,Wed Aug 19 00:42:43 2020,18.219298245614034
1295882092824453120,Wed Aug 19 00:35:41 2020,17.896551724137932
1295863783546662914,Tue Aug 18 23:22:56 2020,27.117391304347827
1295863470425022465,Tue Aug 18 23:21:41 2020,19.09375
1295848041317109761,Tue Aug 18 22:20:23 2020,65.56363636363636
1295847382073171970,Tue Aug 18 22:17:46 2020,8.975769593499868
1295838631727333379,Tue Aug 18 21:42:59 2020,53.41025641025641
1295838531986829314,Tue Aug 18 21:42:36 2020,26.933333333333334
1295837513987305474,Tue Aug 18 21:38:33 2020,28.97151424287856
1295837003444039682,Tue Aug 18 21:36:31 2020,17.877995642701524
1295835639901036545,Tue Aug 18 21:31:06 2020,30.8
1295777126952644614,Tue Aug 18 17:38:36 2020,0.0
1295607209683025921,Tue Aug 18 06:23:24 2020,15.24561403508772
1295605472439959554,Tue Aug 18 06:16:30 2020,21.372772630078405
1295602798424477696,Tue Aug 18 06:05:52 2020,46.0
1295602704073609216,Tue Aug 18 06:05:30 2020,17.979310344827585
1295559695894065152,Tue Aug 18 03:14:36 2020,12.0
1295553672454311941,Tue Aug 18 02:50:40 2020,19.66025641025641
1295548059963854849,Tue Aug 18 02:28:22 2020,28.916666666666668
1295499467076931584,Mon Aug 17 23:15:16 2020,42.70454545454545
1295498964205068289,Mon Aug 17 23:13:16 2020,17.83783783783784
1295495834998513664,Mon Aug 17 23:00:50 2020,15.464861037351744
1295473654612934656,Mon Aug 17 21:32:42 2020,25.807692307692307
1295473111081447424,Mon Aug 17 21:30:33 2020,27.084033613445378
1295240462798860288,Mon Aug 17 06:06:05 2020,24.78
1295223414064664577,Mon Aug 17 04:58:20 2020,20.816901408450704
1295214732123799554,Mon Aug 17 04:23:50 2020,8.748837209302325
1295212011551244289,Mon Aug 17 04:13:02 2020,25.641025641025642
1295210012122460167,Mon Aug 17 04:05:05 2020,14.884389755329805
1295204658798047237,Mon Aug 17 03:43:49 2020,21.360795454545453
1295203680157917184,Mon Aug 17 03:39:55 2020,34.125
1295181686012022784,Mon Aug 17 02:12:31 2020,19.125
1295180391494582272,Mon Aug 17 02:07:23 2020,73.38235294117646
1295179031198027776,Mon Aug 17 02:01:58 2020,24.78214059531349
1295177746012950536,Mon Aug 17 01:56:52 2020,15.965641230523373
1295172893916237824,Mon Aug 17 01:37:35 2020,24.568807339449542
1295159701454422016,Mon Aug 17 00:45:10 2020,44.96135265700483
1295055829826072576,Sun Aug 16 17:52:25 2020,13.812989405803776
1294946643582754816,Sun Aug 16 10:38:33 2020,33.476190476190474
1294942970710433792,Sun Aug 16 10:23:57 2020,24.360084477296727
1294937783996264450,Sun Aug 16 10:03:21 2020,94.15
1294922167310663681,Sun Aug 16 09:01:17 2020,18.081705729166668
1294921196564180994,Sun Aug 16 08:57:26 2020,10.036039826111345
1294920017692090373,Sun Aug 16 08:52:45 2020,37.81395348837209
1294919803837140994,Sun Aug 16 08:51:54 2020,40.11818181818182
1294918046851559424,Sun Aug 16 08:44:55 2020,39.41752577319588
1294917318405836802,Sun Aug 16 08:42:01 2020,11.65793869129495
1294901444718424066,Sun Aug 16 07:38:57 2020,11.071259632257572
1294803765367726080,Sun Aug 16 01:10:48 2020,29.466666666666665
1294803289062535169,Sun Aug 16 01:08:55 2020,28.102564102564102
1294790605474689025,Sun Aug 16 00:18:31 2020,34.15972222222222
1294789640315011073,Sun Aug 16 00:14:40 2020,21.967032967032967
1294788223567200256,Sun Aug 16 00:09:03 2020,33.596774193548384
1294758721763962881,Sat Aug 15 22:11:49 2020,11.75257731958763
1294728076450869248,Sat Aug 15 20:10:02 2020,22.345238095238095
1294727555769982976,Sat Aug 15 20:07:58 2020,41.98816568047337
1294727374085349376,Sat Aug 15 20:07:15 2020,30.027027027027028
1294727006383247360,Sat Aug 15 20:05:47 2020,18.046153846153846
1294725858960084992,Sat Aug 15 20:01:14 2020,26.3125
1294724702967984128,Sat Aug 15 19:56:38 2020,17.068627450980394
1294722951896395776,Sat Aug 15 19:49:41 2020,26.0
1294722423502204929,Sat Aug 15 19:47:35 2020,19.485714285714284
1294722072262795264,Sat Aug 15 19:46:11 2020,30.526315789473685
1294721779018022913,Sat Aug 15 19:45:01 2020,23.691011235955056
1294714938200449024,Sat Aug 15 19:17:50 2020,22.27125
1294607951357870082,Sat Aug 15 12:12:42 2020,15.783018867924529
1294416585252392960,Fri Aug 14 23:32:17 2020,24.865102639296186
1294403633086226433,Fri Aug 14 22:40:49 2020,18.817123287671233
1294378469845897216,Fri Aug 14 21:00:50 2020,50.04761904761905
1294378331366756352,Fri Aug 14 21:00:17 2020,45.2
1294377927392411648,Fri Aug 14 20:58:40 2020,38.21621621621622
1294377824355094528,Fri Aug 14 20:58:16 2020,24.68
1294377367075344384,Fri Aug 14 20:56:27 2020,21.7875
1294376617960062976,Fri Aug 14 20:53:28 2020,15.382165605095542
1294375897319890944,Fri Aug 14 20:50:36 2020,22.544
1294375249761275904,Fri Aug 14 20:48:02 2020,9.817757009345794
1294374864657162240,Fri Aug 14 20:46:30 2020,9.595505617977528
1294371531133317120,Fri Aug 14 20:33:15 2020,13.524280008408661
1294370842269294592,Fri Aug 14 20:30:31 2020,26.36
1294355685195386880,Fri Aug 14 19:30:17 2020,13.841346153846153
1294351323383517184,Fri Aug 14 19:12:58 2020,13.383647798742139
1294349964265439232,Fri Aug 14 19:07:33 2020,27.224
1294347870972178433,Fri Aug 14 18:59:14 2020,12.827956989247312
1294345899280175104,Fri Aug 14 18:51:24 2020,25.197802197802197
1294342994917642240,Fri Aug 14 18:39:52 2020,0.0
1294331497550249984,Fri Aug 14 17:54:11 2020,26.30851063829787
1294326695546122241,Fri Aug 14 17:35:06 2020,41.69230769230769
1294308467407122434,Fri Aug 14 16:22:40 2020,9.579571106094809
1294179175310356481,Fri Aug 14 07:48:54 2020,45.20634920634921
1294175386788442115,Fri Aug 14 07:33:51 2020,28.306603773584907
1294069182741360641,Fri Aug 14 00:31:50 2020,17.810606060606062
1294068379049893888,Fri Aug 14 00:28:38 2020,30.67816091954023
1293993965323030528,Thu Aug 13 19:32:57 2020,28.359375
1293993551705935873,Thu Aug 13 19:31:18 2020,18.577464788732396
1293992502794448896,Thu Aug 13 19:27:08 2020,14.823863636363637
1293961226737729536,Thu Aug 13 17:22:51 2020,35.037433155080215
1293949311668035586,Thu Aug 13 16:35:30 2020,11.494145199063231
1293923058109960192,Thu Aug 13 14:51:11 2020,17.987437185929647
1293848844266946561,Thu Aug 13 09:56:17 2020,11.925967787510595
1293554977965670402,Wed Aug 12 14:28:34 2020,34.72030651340996
1293311095013220353,Tue Aug 11 22:19:28 2020,31.418181818181818
1293254976739799040,Tue Aug 11 18:36:28 2020,33.754901960784316
1293250823296884746,Tue Aug 11 18:19:58 2020,22.839285714285715
1293250108436488194,Tue Aug 11 18:17:07 2020,19.299601593625496
1293249680445526018,Tue Aug 11 18:15:25 2020,13.212541620421753
1292997808576819200,Tue Aug 11 01:34:34 2020,24.920454545454547
1292997657120497664,Tue Aug 11 01:33:58 2020,43.53658536585366
1292996594371948545,Tue Aug 11 01:29:45 2020,58.173469387755105
1292539902161166336,Sun Aug 09 19:15:01 2020,29.109223300970875
1292536289800019970,Sun Aug 09 19:00:40 2020,45.89007092198582
1292346982833352704,Sun Aug 09 06:28:26 2020,33.736434108527135
1292226279995879426,Sat Aug 08 22:28:48 2020,16.795454545454547
1292223904182755328,Sat Aug 08 22:19:21 2020,60.19124423963134
1292223792018677760,Sat Aug 08 22:18:55 2020,0.0
1292223619607609346,Sat Aug 08 22:18:13 2020,70.85
1292223596035600384,Sat Aug 08 22:18:08 2020,37.53846153846154
1292215145750360065,Sat Aug 08 21:44:33 2020,12.330188679245284
1292204554738515968,Sat Aug 08 21:02:28 2020,0.0
1292186775809449985,Sat Aug 08 19:51:49 2020,27.69281045751634
1292184948233969664,Sat Aug 08 19:44:33 2020,9.824345969033637
1292183759878463488,Sat Aug 08 19:39:50 2020,9.529319474406746
1292180515336777728,Sat Aug 08 19:26:57 2020,34.925925925925924
1292180273254154241,Sat Aug 08 19:25:59 2020,12.824817518248175
1291928435468587009,Sat Aug 08 02:45:16 2020,47.173469387755105
1291849720973783040,Fri Aug 07 21:32:29 2020,20.66871165644172
1291849317876080640,Fri Aug 07 21:30:53 2020,24.6231884057971
1291848916200067072,Fri Aug 07 21:29:17 2020,23.457142857142856
1291841121669091330,Fri Aug 07 20:58:19 2020,22.27900552486188
1291797060912472071,Fri Aug 07 18:03:14 2020,65.70370370370371
1291794330772893697,Fri Aug 07 17:52:23 2020,10.325203252032521
1291793367211245568,Fri Aug 07 17:48:33 2020,8.790047846889951
1291784200178159616,Fri Aug 07 17:12:08 2020,17.457930007446016
1291776002486448128,Fri Aug 07 16:39:33 2020,34.091633466135455
1291613863457075200,Fri Aug 07 05:55:16 2020,0.0
1291565012603920384,Fri Aug 07 02:41:09 2020,33.78213507625272
1291504220948951041,Thu Aug 06 22:39:35 2020,14.393872714962763
1291197640965623810,Thu Aug 06 02:21:21 2020,0.0
1290948076908294144,Wed Aug 05 09:49:40 2020,0.0
1290826885375696899,Wed Aug 05 01:48:06 2020,14.110132158590309
1290819744690507781,Wed Aug 05 01:19:44 2020,28.94871794871795
1290819191835164672,Wed Aug 05 01:17:32 2020,14.748888888888889
1290817143785783296,Wed Aug 05 01:09:23 2020,27.65678627145086
1290807268552794115,Wed Aug 05 00:30:09 2020,0.0
1290807173258203136,Wed Aug 05 00:29:46 2020,28.458333333333332
1290806924728918017,Wed Aug 05 00:28:47 2020,17.087730657170606
1290798245761826816,Tue Aug 04 23:54:18 2020,21.610169491525422
1290710257728024578,Tue Aug 04 18:04:40 2020,22.29056603773585
1290553355467739142,Tue Aug 04 07:41:11 2020,54.34375
1290546456030576641,Tue Aug 04 07:13:46 2020,27.58823529411765
1290545642067111936,Tue Aug 04 07:10:32 2020,47.398058252427184
1290448540821594114,Tue Aug 04 00:44:42 2020,10.32620320855615
1290427983727964160,Mon Aug 03 23:23:00 2020,8.993191489361703
1290326134752763905,Mon Aug 03 16:38:18 2020,0.0
1290314407549890561,Mon Aug 03 15:51:42 2020,53.75257731958763
1290313960563113992,Mon Aug 03 15:49:55 2020,32.61734693877551
1290313605913759745,Mon Aug 03 15:48:31 2020,59.03086419753087
1290065061780901888,Sun Aug 02 23:20:53 2020,42.57831325301205
1290056061253165057,Sun Aug 02 22:45:07 2020,9.575248940820897
1290054625186521092,Sun Aug 02 22:39:25 2020,0.0
1290038435453919233,Sun Aug 02 21:35:05 2020,15.56513926325247
1290035435855425536,Sun Aug 02 21:23:10 2020,0.0
1290021714366103553,Sun Aug 02 20:28:38 2020,0.0
1290021404994236416,Sun Aug 02 20:27:25 2020,11.952641165755919
1290001350953033728,Sun Aug 02 19:07:43 2020,0.0
1289997355517788160,Sun Aug 02 18:51:51 2020,0.0
1289997160763670530,Sun Aug 02 18:51:04 2020,17.712023750618506
1289993721463767040,Sun Aug 02 18:37:24 2020,30.28129829984544
1289992330397618176,Sun Aug 02 18:31:53 2020,22.372297544888237
1289987081867993089,Sun Aug 02 18:11:01 2020,15.418467386954783
1289974006087442438,Sun Aug 02 17:19:04 2020,12.766029246344207
1289968074439847937,Sun Aug 02 16:55:30 2020,14.150618982118294
1289953852821708803,Sun Aug 02 15:58:59 2020,0.0
1289799068588191747,Sun Aug 02 05:43:55 2020,20.18
1289798584179675136,Sun Aug 02 05:42:00 2020,23.857843137254903
1289785293621456898,Sun Aug 02 04:49:11 2020,33.75
1289785156799090689,Sun Aug 02 04:48:39 2020,73.45348837209302
1289751156202209283,Sun Aug 02 02:33:32 2020,0.0
1289709874696220673,Sat Aug 01 23:49:30 2020,0.0
1289708217694527488,Sat Aug 01 23:42:55 2020,0.0
1289628048174616577,Sat Aug 01 18:24:21 2020,0.0
1289474926399741954,Sat Aug 01 08:15:54 2020,15.048723897911833
1289466574353522688,Sat Aug 01 07:42:43 2020,0.0
1289462951557005312,Sat Aug 01 07:28:19 2020,0.0
1289452630394040322,Sat Aug 01 06:47:18 2020,24.24078947368421
1289409927438405633,Sat Aug 01 03:57:37 2020,24.743589743589745
1289408490205614080,Sat Aug 01 03:51:54 2020,19.134391534391533
1289372742639214594,Sat Aug 01 01:29:51 2020,0.0
1289372707163787265,Sat Aug 01 01:29:43 2020,0.0
1289212751651323904,Fri Jul 31 14:54:07 2020,19.144568360181744
1289211244809838594,Fri Jul 31 14:48:07 2020,0.0
1289087956699844608,Fri Jul 31 06:38:13 2020,61.180952380952384
1289052484820807680,Fri Jul 31 04:17:16 2020,27.923481923481923
1289051795763769345,Fri Jul 31 04:14:32 2020,7.6781371939150596
1289051036271775746,Fri Jul 31 04:11:31 2020,28.264492753623188
1289026571609600000,Fri Jul 31 02:34:18 2020,77.38235294117646
1288990811682611200,Fri Jul 31 00:12:12 2020,24.958333333333332
1288989028759396352,Fri Jul 31 00:05:07 2020,17.543010752688172
1288988009530966016,Fri Jul 31 00:01:04 2020,9.256096081523717
1288980527962132481,Thu Jul 30 23:31:20 2020,13.12987012987013
1288973971514302466,Thu Jul 30 23:05:17 2020,40.47126436781609
1288935356310552576,Thu Jul 30 20:31:50 2020,14.338193253287592
1288928622728712192,Thu Jul 30 20:05:05 2020,16.768388791593694
1288925451902054400,Thu Jul 30 19:52:29 2020,15.687645687645688
1288922868072366086,Thu Jul 30 19:42:13 2020,49.875
1288922122115403776,Thu Jul 30 19:39:15 2020,53.75
1288904171324731394,Thu Jul 30 18:27:55 2020,16.194805194805195
1288902305815777281,Thu Jul 30 18:20:31 2020,15.204819277108435
1288892543061487616,Thu Jul 30 17:41:43 2020,11.596491228070175
1288889018512367616,Thu Jul 30 17:27:43 2020,8.947598253275109
1288887053388664832,Thu Jul 30 17:19:54 2020,31.419254658385093
1288883228305047552,Thu Jul 30 17:04:42 2020,38.6712962962963
1288759969064468481,Thu Jul 30 08:54:55 2020,27.74956319161328
1288754654570930176,Thu Jul 30 08:33:48 2020,15.229508196721312
1288751116562206720,Thu Jul 30 08:19:44 2020,7.786690433749257
1288750020208992257,Thu Jul 30 08:15:23 2020,61.166666666666664
1288748977324605440,Thu Jul 30 08:11:14 2020,17.144329896907216
1288747096305065984,Thu Jul 30 08:03:46 2020,32.035714285714285
1288745856808542208,Thu Jul 30 07:58:50 2020,71.25252525252525
1288744819829833728,Thu Jul 30 07:54:43 2020,64.94505494505495
1288744630788304897,Thu Jul 30 07:53:58 2020,11.408185561811917
1288734164485898240,Thu Jul 30 07:12:22 2020,14.308647450110865
1288729803663843329,Thu Jul 30 06:55:03 2020,11.29147069761337
1288725893259698176,Thu Jul 30 06:39:30 2020,17.272727272727273
1288724824009977857,Thu Jul 30 06:35:16 2020,9.866666666666667
1288724211767418880,Thu Jul 30 06:32:50 2020,10.4
1288722944693276672,Thu Jul 30 06:27:47 2020,6.883534136546185
1288722245280464896,Thu Jul 30 06:25:01 2020,14.07676848874598
1288722022323781633,Thu Jul 30 06:24:08 2020,14.970168612191959
1288680039823765504,Thu Jul 30 03:37:18 2020,44.391304347826086
1288388389666922496,Wed Jul 29 08:18:23 2020,33.719540229885055
1288373683736649728,Wed Jul 29 07:19:57 2020,30.666666666666668
1288370540973981696,Wed Jul 29 07:07:28 2020,31.42528735632184
1288276115816091649,Wed Jul 29 00:52:15 2020,18.287581699346404
1288267661286215680,Wed Jul 29 00:18:39 2020,19.683333333333334
1288267313729474561,Wed Jul 29 00:17:17 2020,34.705882352941174
1288265584178798592,Wed Jul 29 00:10:24 2020,30.21917808219178
1288265150928125952,Wed Jul 29 00:08:41 2020,11.114370468029005
1288263720007761920,Wed Jul 29 00:03:00 2020,15.940397350993377
1288260255009341440,Tue Jul 28 23:49:14 2020,25.472789115646258
1288158958155423749,Tue Jul 28 17:06:43 2020,26.46511627906977
1288158863863287809,Tue Jul 28 17:06:20 2020,43.2
1288157335668629504,Tue Jul 28 17:00:16 2020,32.225806451612904
1288155738423074816,Tue Jul 28 16:53:55 2020,12.66060606060606
1288153472534183940,Tue Jul 28 16:44:55 2020,16.804597701149426
1288151276207738880,Tue Jul 28 16:36:11 2020,22.02857142857143
1287965692298268673,Tue Jul 28 04:18:44 2020,26.646892655367232
1287926090715947009,Tue Jul 28 01:41:23 2020,23.22222222222222
1287839317537284096,Mon Jul 27 19:56:34 2020,7.364234449760765
1287829529721962499,Mon Jul 27 19:17:41 2020,35.20454545454545
1287828284852535301,Mon Jul 27 19:12:44 2020,68.875
1287824348460593154,Mon Jul 27 18:57:05 2020,6.033969483458542
1287822920966905858,Mon Jul 27 18:51:25 2020,28.111716621253407
1287818109651431427,Mon Jul 27 18:32:18 2020,6.911135225593892
1287808934569545730,Mon Jul 27 17:55:50 2020,38.93877551020408
1287805905422159873,Mon Jul 27 17:43:48 2020,58.04761904761905
1287796199014244355,Mon Jul 27 17:05:14 2020,19.351757188498404
1287794580629393537,Mon Jul 27 16:58:48 2020,21.201612903225808
1287794307991126016,Mon Jul 27 16:57:43 2020,56.966850828729285
1287793208265670658,Mon Jul 27 16:53:21 2020,45.109375
1287793022671912960,Mon Jul 27 16:52:37 2020,36.3855421686747
1287646443822620672,Mon Jul 27 07:10:10 2020,75.41312741312741
1287621018727723008,Mon Jul 27 05:29:08 2020,0.0
1287598172508958721,Mon Jul 27 03:58:21 2020,14.872
1287593791076143105,Mon Jul 27 03:40:56 2020,50.52708460133901
1287589583778185217,Mon Jul 27 03:24:13 2020,27.571428571428573
1287587716197212162,Mon Jul 27 03:16:48 2020,18.515334063526833
1287585248683974657,Mon Jul 27 03:07:00 2020,25.272727272727273
1287579555012718592,Mon Jul 27 02:44:22 2020,21.904761904761905
1287579260132175872,Mon Jul 27 02:43:12 2020,54.56521739130435
1287578839821033472,Mon Jul 27 02:41:32 2020,11.297126902638926
1287578433803911168,Mon Jul 27 02:39:55 2020,4.180952380952381
1287576986307776514,Mon Jul 27 02:34:10 2020,31.142857142857142
1287576285850607616,Mon Jul 27 02:31:23 2020,67.10852713178295
1287576142048886784,Mon Jul 27 02:30:48 2020,21.06611570247934
1287502055876243457,Sun Jul 26 21:36:25 2020,45.333333333333336
1287502000402378763,Sun Jul 26 21:36:12 2020,36.88860759493671
1287498222135586816,Sun Jul 26 21:21:11 2020,28.945205479452056
1287497417810739200,Sun Jul 26 21:17:59 2020,22.0
1287495519485472769,Sun Jul 26 21:10:27 2020,30.803571428571427
1287492076939227138,Sun Jul 26 20:56:46 2020,26.933333333333334
1287491810567356421,Sun Jul 26 20:55:42 2020,56.883720930232556
1287489392374878209,Sun Jul 26 20:46:06 2020,38.333333333333336
1287486123741192194,Sun Jul 26 20:33:06 2020,59.987755102040815
1287485282124804098,Sun Jul 26 20:29:46 2020,39.43156596794081
1287402095545667590,Sun Jul 26 14:59:13 2020,0.0
1287345460580147201,Sun Jul 26 11:14:10 2020,0.0
1287207010581307393,Sun Jul 26 02:04:01 2020,11.697247706422019
1287206406509285381,Sun Jul 26 02:01:37 2020,8.764397905759163
1287205936650739715,Sun Jul 26 01:59:45 2020,20.517241379310345
1287204969989443586,Sun Jul 26 01:55:54 2020,25.941935483870967
1287181873014345729,Sun Jul 26 00:24:07 2020,62.44897959183673
1287181753334018048,Sun Jul 26 00:23:39 2020,47.75
1287181623126118401,Sun Jul 26 00:23:08 2020,58.4
1287176336310702080,Sun Jul 26 00:02:07 2020,26.925233644859812
1287165288799252480,Sat Jul 25 23:18:13 2020,27.72093023255814
1287140748241047554,Sat Jul 25 21:40:42 2020,15.357458075904677
1286965522559569922,Sat Jul 25 10:04:25 2020,38.085283018867926
1286962167481335810,Sat Jul 25 09:51:05 2020,11.988416988416988
1286869404874088448,Sat Jul 25 03:42:29 2020,11.789392148069632
1286867520314642443,Sat Jul 25 03:35:00 2020,15.944162436548224
1286860252537921537,Sat Jul 25 03:06:07 2020,41.02127659574468
1286791581949927425,Fri Jul 24 22:33:15 2020,11.213849287169042
1286791044466724866,Fri Jul 24 22:31:07 2020,21.94148936170213
1286699777573507077,Fri Jul 24 16:28:27 2020,16.433559650824442
1286697906536361987,Fri Jul 24 16:21:01 2020,8.613745394789154
1286687303130374144,Fri Jul 24 15:38:53 2020,15.305263157894737
1286677935580160000,Fri Jul 24 15:01:39 2020,11.087110064743968
1286676388532150274,Fri Jul 24 14:55:30 2020,38.42307692307692
1286675982297051142,Fri Jul 24 14:53:54 2020,9.04373610081542
1286675223434141697,Fri Jul 24 14:50:53 2020,12.318014349427962
1286673686821515266,Fri Jul 24 14:44:46 2020,10.998908892525915
1286672262435942400,Fri Jul 24 14:39:07 2020,12.909112040911204
1286665488957878273,Fri Jul 24 14:12:12 2020,17.80769967439188
1286665050330202112,Fri Jul 24 14:10:27 2020,15.501519756838906
1286650499094151170,Fri Jul 24 13:12:38 2020,15.43859649122807
1286502097559715840,Fri Jul 24 03:22:56 2020,40.75961538461539
1286484865899266054,Fri Jul 24 02:14:28 2020,25.849056603773583
1286450016803069952,Thu Jul 23 23:55:59 2020,19.422492401215806
1286440727740899328,Thu Jul 23 23:19:05 2020,25.480176211453745
1286439010995507200,Thu Jul 23 23:12:15 2020,0.0
1286360612415692802,Thu Jul 23 18:00:44 2020,14.04
1286352681947344896,Thu Jul 23 17:29:13 2020,30.34065934065934
1286350331169906690,Thu Jul 23 17:19:52 2020,23.67948717948718
1286269390107926531,Thu Jul 23 11:58:14 2020,60.15929203539823
1286269091439955975,Thu Jul 23 11:57:03 2020,49.294736842105266
1286266063517253632,Thu Jul 23 11:45:01 2020,56.05769230769231
1286213129354043392,Thu Jul 23 08:14:41 2020,48.44615384615385
1286212775048617985,Thu Jul 23 08:13:16 2020,12.482288828337875
1286209410130485248,Thu Jul 23 07:59:54 2020,18.98950437317784
1286100964852686849,Thu Jul 23 00:48:59 2020,0.0
1285983256731455489,Wed Jul 22 17:01:15 2020,37.373831775700936
1285981334737838085,Wed Jul 22 16:53:37 2020,21.022260273972602
1285863441874337792,Wed Jul 22 09:05:09 2020,23.235294117647058
1285830270709403648,Wed Jul 22 06:53:20 2020,7.854146078519451
1285827911119859712,Wed Jul 22 06:43:58 2020,53.61538461538461
1285827550355132417,Wed Jul 22 06:42:32 2020,6.900599297375491
1285827154324779008,Wed Jul 22 06:40:57 2020,17.767123287671232
1285824098711375872,Wed Jul 22 06:28:49 2020,17.92116182572614
1285822396738355201,Wed Jul 22 06:22:03 2020,51.67948717948718
1285819565407002624,Wed Jul 22 06:10:48 2020,14.628355977377625
1285819300310204416,Wed Jul 22 06:09:45 2020,58.543103448275865
1285816082045865985,Wed Jul 22 05:56:57 2020,37.51401869158879
1285814984073637888,Wed Jul 22 05:52:36 2020,130.93506493506493
1285813905235644418,Wed Jul 22 05:48:18 2020,160.6984126984127
1285813754857283585,Wed Jul 22 05:47:43 2020,96.47945205479452
1285813218997235714,Wed Jul 22 05:45:35 2020,14.967089728453365
1285812824581660676,Wed Jul 22 05:44:01 2020,23.38235294117647
1285811949914058753,Wed Jul 22 05:40:32 2020,31.56594323873122
1285803741581475841,Wed Jul 22 05:07:55 2020,34.5360824742268
1285753051286867968,Wed Jul 22 01:46:30 2020,44.44202898550725
1285641214646259715,Tue Jul 21 18:22:06 2020,0.0
1285635641263435777,Tue Jul 21 17:59:57 2020,63.46875
1285622874544513029,Tue Jul 21 17:09:13 2020,42.22096317280453
1285617982970961921,Tue Jul 21 16:49:47 2020,11.98776758409786
1285617058995200000,Tue Jul 21 16:46:07 2020,30.886363636363637
1285613840953221128,Tue Jul 21 16:33:19 2020,26.78723404255319
1285613263976312836,Tue Jul 21 16:31:02 2020,24.697674418604652
1285444183570841601,Tue Jul 21 05:19:10 2020,98.87096774193549
1285443997654122496,Tue Jul 21 05:18:26 2020,17.458904109589042
1285441964666613763,Tue Jul 21 05:10:21 2020,0.0
1285438910357622789,Tue Jul 21 04:58:13 2020,23.000789265982636
1285430635088076800,Tue Jul 21 04:25:20 2020,33.592592592592595
1285430150025236480,Tue Jul 21 04:23:24 2020,8.553571428571429
1285429286522875904,Tue Jul 21 04:19:58 2020,31.913793103448278
1285427616871153667,Tue Jul 21 04:13:20 2020,15.834074074074074
1285398829433450497,Tue Jul 21 02:18:57 2020,16.65627973358706
1285338582849208320,Mon Jul 20 22:19:33 2020,19.210689388071263
1285337283005001729,Mon Jul 20 22:14:23 2020,0.0
1285335753136812033,Mon Jul 20 22:08:18 2020,28.728624535315983
1285331502381715456,Mon Jul 20 21:51:25 2020,29.814432989690722
1285321710858760194,Mon Jul 20 21:12:30 2020,26.911340206185567
1285321566071296000,Mon Jul 20 21:11:56 2020,14.74349302150132
1285153481267900418,Mon Jul 20 10:04:01 2020,18.45762711864407
1285152684496973826,Mon Jul 20 10:00:51 2020,29.255528255528255
1285144111675084801,Mon Jul 20 09:26:47 2020,18.76798825256975
1284931975845867520,Sun Jul 19 19:23:50 2020,31.555555555555557
1284931739152859137,Sun Jul 19 19:22:54 2020,20.744897959183675
1284924753304666113,Sun Jul 19 18:55:08 2020,36.06711409395973
1284924326584582144,Sun Jul 19 18:53:26 2020,19.416666666666668
1284924056395935752,Sun Jul 19 18:52:22 2020,30.541666666666668
1284923261239713798,Sun Jul 19 18:49:12 2020,0.0
1284913082905444352,Sun Jul 19 18:08:46 2020,16.53939393939394
1284912829808746497,Sun Jul 19 18:07:45 2020,78.75038284839204
1284912420826148865,Sun Jul 19 18:06:08 2020,29.112676056338028
1284723446694293504,Sun Jul 19 05:35:13 2020,51.85532994923858
1284708757318991872,Sun Jul 19 04:36:51 2020,27.38095238095238
1284682145705783296,Sun Jul 19 02:51:06 2020,18.279467680608366
1284681228692537345,Sun Jul 19 02:47:27 2020,24.46
1284681045900582913,Sun Jul 19 02:46:44 2020,40.47126436781609
1284654930247086081,Sun Jul 19 01:02:57 2020,18.217391304347824
1284653132438310913,Sun Jul 19 00:55:49 2020,28.054545454545455
1284650627260452867,Sun Jul 19 00:45:51 2020,24.662650602409638
1284642001888047104,Sun Jul 19 00:11:35 2020,26.064406779661017
1284641318933692416,Sun Jul 19 00:08:52 2020,34.07971014492754
1284640779437133824,Sun Jul 19 00:06:43 2020,0.0
1284636228252401664,Sat Jul 18 23:48:38 2020,50.785714285714285
1284635917206999040,Sat Jul 18 23:47:24 2020,27.5
1284634978848870400,Sat Jul 18 23:43:40 2020,26.333333333333332
1284634702519754752,Sat Jul 18 23:42:35 2020,21.721311475409838
1284631677814243328,Sat Jul 18 23:30:33 2020,17.596774193548388
1284628525366931456,Sat Jul 18 23:18:02 2020,0.0
1284307886319919104,Sat Jul 18 02:03:56 2020,25.29491833030853
1284306733720940544,Sat Jul 18 01:59:21 2020,13.096529857319007
1284295534832873472,Sat Jul 18 01:14:51 2020,68.98113207547169
1284294661696184320,Sat Jul 18 01:11:23 2020,41.01242236024845
1284291528328790016,Sat Jul 18 00:58:55 2020,9.8202191934804
1284290215561986048,Sat Jul 18 00:53:43 2020,22.860529986053
1284289867304722432,Sat Jul 18 00:52:19 2020,12.868098704065329
1284282272007327744,Sat Jul 18 00:22:09 2020,33.84
1284281588054818816,Sat Jul 18 00:19:26 2020,24.130434782608695
1284277299827707904,Sat Jul 18 00:02:23 2020,26.453703703703702
1284266193465958402,Fri Jul 17 23:18:15 2020,17.345108695652176
1284247756870164493,Fri Jul 17 22:05:00 2020,45.39613526570049
1283415565445378048,Wed Jul 15 14:58:10 2020,59.44444444444444
1283414126530686982,Wed Jul 15 14:52:27 2020,14.510917030567686
1283279940658491392,Wed Jul 15 05:59:14 2020,78.575
1283276909653053440,Wed Jul 15 05:47:12 2020,75.71844660194175
1283275808589508608,Wed Jul 15 05:42:49 2020,50.484375
1283275615638925313,Wed Jul 15 05:42:03 2020,28.270588235294117
1283275066805911552,Wed Jul 15 05:39:52 2020,15.027439708986392
1283251937383550976,Wed Jul 15 04:07:58 2020,14.40650406504065
1283250835028185089,Wed Jul 15 04:03:35 2020,57.81818181818182
