"date","close","volume","open","high","low"
"16:00","417.13","17,236,021","416.54","418.695","410.58"
"2020/11/10","410.3600","30284220.0000","420.0900","420.0900","396.0301"
"2020/11/09","421.2600","34833030.0000","439.5000","452.5000","421.0000"
"2020/11/06","429.9500","21706010.0000","436.1000","436.5700","424.2800"
"2020/11/05","438.0900","28414520.0000","428.3000","440.0000","424.0001"
"2020/11/04","420.9800","32143060.0000","430.6200","435.4000","417.1000"
"2020/11/03","423.9000","34351720.0000","409.7300","427.7700","406.6900"
"2020/11/02","400.5100","29021120.0000","394.0000","406.9799","392.3000"
"2020/10/30","388.0400","42587640.0000","406.8954","407.5915","379.1100"
"2020/10/29","410.8300","22655310.0000","409.9600","418.0600","406.4600"
"2020/10/28","406.0200","25451410.0000","416.4800","418.6000","406.0000"
"2020/10/27","424.6800","22686510.0000","423.7600","430.5000","420.1000"
"2020/10/26","420.2800","28239160.0000","411.6300","425.7600","410.0000"
"2020/10/23","420.6300","33716980.0000","421.8400","422.8859","407.3801"
"2020/10/22","425.7900","39993190.0000","441.9200","445.2300","424.5100"
"2020/10/21","422.6400","32370460.0000","422.7000","432.9500","421.2500"
"2020/10/20","421.9400","31656290.0000","431.7500","431.7500","419.0501"
"2020/10/19","430.8300","36287840.0000","446.2400","447.0000","428.8700"
"2020/10/16","439.6700","32775880.0000","454.4400","455.9499","438.8500"
"2020/10/15","448.8800","35672350.0000","450.3100","456.5700","442.5000"
"2020/10/14","461.3000","48045390.0000","449.7800","465.9000","447.3500"
"2020/10/13","446.6500","34463670.0000","443.3500","448.8900","436.6000"
"2020/10/12","442.3000","38791130.0000","442.0000","448.7400","438.5800"
"2020/10/09","434.0000","28925660.0000","430.1300","434.5899","426.4601"
"2020/10/08","425.9200","40421120.0000","438.4400","439.0000","425.3000"
"2020/10/07","425.3000","43127710.0000","419.8700","429.9000","413.8450"
"2020/10/06","413.9800","49146260.0000","423.7900","428.7799","406.0500"
"2020/10/05","425.6800","44722790.0000","423.3500","433.6400","419.3300"
"2020/10/02","415.0900","71430030.0000","421.3900","439.1300","415.0000"
"2020/10/01","448.1600","50741450.0000","440.7600","448.8800","434.4200"
"2020/09/30","429.0100","48145570.0000","421.3200","433.9300","420.4700"
"2020/09/29","419.0700","50341400.0000","416.0000","428.5000","411.6000"
"2020/09/28","421.2000","49719560.0000","424.6200","428.0800","415.5500"
"2020/09/25","407.3400","67208460.0000","393.4700","408.7323","391.3000"
"2020/09/24","387.7900","96561060.0000","363.8000","399.5000","351.3000"
"2020/09/23","380.3600","95074180.0000","405.1600","412.1500","375.8801"
"2020/09/22","424.2300","79580800.0000","429.6000","437.7600","417.6001"
"2020/09/21","449.3900","109476800.0000","453.1300","455.6800","407.0700"
"2020/09/18","442.1500","86406820.0000","447.9400","451.0000","428.8000"
"2020/09/17","423.4300","76779160.0000","415.6000","437.7900","408.0001"
"2020/09/16","441.7600","72546760.0000","439.8700","457.7900","435.3100"
"2020/09/15","449.7600","97298230.0000","436.5600","461.9400","430.7000"
"2020/09/14","419.6200","83020610.0000","380.9500","420.0000","373.3000"
"2020/09/11","372.7200","60717460.0000","381.9400","382.5000","360.5000"
"2020/09/10","371.3400","84930610.0000","386.2100","398.9900","360.5600"
"2020/09/09","366.2800","79465770.0000","356.6000","369.0000","341.5100"
"2020/09/08","330.2100","115465700.0000","356.0000","368.7400","329.8800"
"2020/09/04","418.3200","110321900.0000","402.8100","428.0000","372.0201"
"2020/09/03","407.0000","87596090.0000","407.2300","431.8000","402.0000"
"2020/09/02","447.3700","96176130.0000","478.9900","479.0400","405.1206"
"2020/09/01","475.0500","90119420.0000","502.1400","502.4900","470.5100"
"2020/08/31","498.3200","118374400.0000","444.6100","500.1400","440.1100"
"2020/08/28","442.6800","100405900.0000","459.0240","463.6980","437.3040"
"2020/08/27","447.7500","118465200.0000","436.0920","459.1200","428.5000"
"2020/08/26","430.6340","71196900.0000","412.0000","433.2000","410.7258"
"2020/08/25","404.6680","53294450.0000","394.9780","405.5900","393.6000"
"2020/08/24","402.8400","100318100.0000","425.2550","425.8000","385.5040"
"2020/08/21","409.9960","107447800.0000","408.9520","419.0980","405.0100"
"2020/08/20","400.3660","103059000.0000","372.1360","404.3980","371.4120"
"2020/08/19","375.7060","61026650.0000","373.0000","382.2000","368.2420"
"2020/08/18","377.4180","82372450.0000","379.7980","384.7800","369.0220"
"2020/08/17","367.1280","101211600.0000","335.4000","369.1720","334.5660"
"2020/08/14","330.1420","62888050.0000","332.9980","333.7600","325.3280"
"2020/08/13","324.2000","102126550.0000","322.2000","330.2360","313.4520"
"2020/08/12","310.9520","109494150.0000","294.0000","317.0000","287.0000"
"2020/08/11","274.8780","43129170.0000","279.2000","284.0000","273.0000"
"2020/08/10","283.7140","37611320.0000","289.6000","291.5000","277.1680"
"2020/08/07","290.5420","44482100.0000","299.9074","299.9500","283.0020"
"2020/08/06","297.9160","29961565.0000","298.1660","303.4620","295.4520"
"2020/08/05","297.0040","24890075.0000","298.5980","299.9677","293.6620"
"2020/08/04","297.4000","42074950.0000","299.0020","305.4820","292.4000"
"2020/08/03","297.0000","44046730.0000","289.8400","301.9620","288.8769"
"2020/07/31","286.1520","61234800.0000","303.0000","303.4100","284.1960"
"2020/07/30","297.4980","38105195.0000","297.6000","302.6480","294.2000"
"2020/07/29","299.8220","47134465.0000","300.2000","306.9620","297.4000"
"2020/07/28","295.2980","79043500.0000","300.8000","312.9400","294.8840"
"2020/07/27","307.9200","80243350.0000","287.0000","309.5880","282.6001"
"2020/07/24","283.4000","96983100.0000","283.2020","293.0000","273.3080"
"2020/07/23","302.6140","121642500.0000","335.7900","337.8000","296.1540"
"2020/07/22","318.4660","70805400.0000","319.8000","325.2840","312.4000"
"2020/07/21","313.6720","80786400.0000","327.9860","335.0000","311.6000"
"2020/07/20","328.6000","85606850.0000","303.8020","330.0000","297.6000"
"2020/07/17","300.1680","46649860.0000","302.6900","307.5020","298.0000"
"2020/07/16","300.1280","71503950.0000","295.4320","306.3420","293.2000"
"2020/07/15","309.2020","81839150.0000","308.6000","310.0000","291.4000"
"2020/07/14","303.3600","117090700.0000","311.2000","318.0000","286.2000"
"2020/07/13","299.4120","194926800.0000","331.8000","358.9980","294.2220"
"2020/07/10","308.9300","116687750.0000","279.2000","309.7830","275.2020"
"2020/07/09","278.8560","58588000.0000","279.3980","281.7120","270.2560"
"2020/07/08","273.1760","81556550.0000","281.0000","283.4520","262.2680"
"2020/07/07","277.9720","107448300.0000","281.0020","285.9000","267.3420"
"2020/07/06","274.3160","102849300.0000","255.3380","275.5580","253.2088"
"2020/07/02","241.7320","86250600.0000","244.2960","245.6000","237.1200"
"2020/07/01","223.9260","66634500.0000","216.6000","227.0660","216.1000"
"2020/06/30","215.9620","84592500.0000","201.3000","217.5380","200.7460"
"2020/06/29","201.8700","45132020.0000","193.8020","202.0000","189.7040"
"2020/06/26","191.9480","44274540.0000","198.9560","199.0000","190.9740"
"2020/06/25","197.1960","46272745.0000","190.8540","197.1960","187.4300"
"2020/06/24","192.1700","54797950.0000","198.8220","200.1769","190.6283"
"2020/06/23","200.3560","31826355.0000","199.7760","202.4000","198.8020"
"2020/06/22","198.8640","31811750.0000","199.9900","201.7760","198.0040"
"2020/06/19","200.1800","43398745.0000","202.5560","203.1940","198.2680"
"2020/06/18","200.7920","48759680.0000","200.6000","203.8400","198.8942"
"2020/06/17","198.3580","49454000.0000","197.5420","201.0000","196.5142"
"2020/06/16","196.4260","70255400.0000","202.3700","202.5760","192.4780"
"2020/06/15","198.1800","78485900.0000","183.5580","199.7680","181.7000"
"2020/06/12","187.0560","83816850.0000","196.0000","197.5960","182.5200"
"2020/06/11","194.5680","79582400.0000","198.0400","203.7920","194.4000"
"2020/06/10","205.0100","92817050.0000","198.3760","205.4960","196.5000"
"2020/06/09","188.1340","56940750.0000","188.0020","190.8880","184.7862"
"2020/06/08","189.9840","70873650.0000","183.8000","190.0000","181.8320"
"2020/06/05","177.1320","39059585.0000","175.5680","177.3040","173.2400"
"2020/06/04","172.8760","44438565.0000","177.9760","179.1500","171.6880"
"2020/06/03","176.5920","39747345.0000","177.6240","179.5880","176.0200"
"2020/06/02","176.3120","67828000.0000","178.9400","181.7320","174.2000"
"2020/06/01","179.6200","75426500.0000","171.6000","179.8000","170.8200"
"2020/05/29","167.0000","59062450.0000","161.7500","167.0000","160.8420"
"2020/05/28","161.1620","36378870.0000","162.7020","164.9500","160.3380"
"2020/05/27","164.0460","57747650.0000","164.1720","165.5420","157.0000"
"2020/05/26","163.7740","40448680.0000","166.9000","166.9200","163.1410"
"2020/05/22","163.3760","49937375.0000","164.4348","166.3560","162.4000"
"2020/05/21","165.5200","61272900.0000","163.2000","166.5000","159.2000"
"2020/05/20","163.1120","36546355.0000","164.1000","165.2000","162.3600"
"2020/05/19","161.6020","48182610.0000","163.0340","164.4140","161.2160"
"2020/05/18","162.7260","58490500.0000","165.5560","166.9440","160.7760"
"2020/05/15","159.8340","52592150.0000","158.0700","161.0097","157.3104"
"2020/05/14","160.6660","68410950.0000","156.0000","160.6720","152.8000"
"2020/05/13","158.1920","95327450.0000","164.1660","165.2000","152.6600"
"2020/05/12","161.8820","79534550.0000","165.4000","168.6580","161.6000"
"2020/05/11","162.2580","82598000.0000","158.1020","164.8000","157.0000"
"2020/05/08","163.8840","80650450.0000","158.7540","164.8000","157.4020"
"2020/05/07","156.0080","57638450.0000","155.4420","159.2800","154.4700"
"2020/05/06","156.5160","55616150.0000","155.3000","157.9600","152.2220"
"2020/05/05","153.6420","84958300.0000","157.9580","159.7840","152.4360"
"2020/05/04","152.2380","96185450.0000","140.2000","152.4000","139.6000"
"2020/05/01","140.2640","162659050.0000","151.0000","154.5540","136.6080"
"2020/04/30","156.3760","142359250.0000","171.0380","173.9640","152.7000"
"2020/04/29","160.1020","81079900.0000","158.0340","160.6400","156.6320"
"2020/04/28","153.8240","76109800.0000","159.1280","161.0000","151.3380"
"2020/04/27","159.7500","103407200.0000","147.5220","159.8980","147.0000"
"2020/04/24","145.0300","66188050.0000","142.1620","146.1460","139.6360"
"2020/04/23","141.1260","66183500.0000","145.5200","146.8000","140.6260"
"2020/04/22","146.4220","71124150.0000","140.7960","146.8000","137.7420"
"2020/04/21","137.3440","101045450.0000","146.0240","150.6660","134.7580"
"2020/04/20","149.2720","73731850.0000","146.5400","153.1140","142.4420"
"2020/04/17","150.7780","65641150.0000","154.4560","154.9900","149.5320"
"2020/04/16","149.0420","103289300.0000","143.3880","151.8900","141.3430"
"2020/04/15","145.9660","117885000.0000","148.4000","150.6260","142.0000"
"2020/04/14","141.9780","152882550.0000","139.7940","148.3760","138.4860"
"2020/04/13","130.1900","112377100.0000","118.0320","130.4000","116.1060"
"2020/04/09","114.6000","68250000.0000","112.4180","115.0364","111.4220"
"2020/04/08","109.7680","63280100.0000","110.8400","111.4416","106.6660"
"2020/04/07","109.0900","89598900.0000","109.0000","113.0000","106.4680"
"2020/04/06","103.2480","74509200.0000","102.2400","104.2000","99.5920"
"2020/04/03","96.0020","112810400.0000","101.9000","103.0980","93.6780"
"2020/04/02","90.8940","99292150.0000","96.2060","98.8520","89.2800"
"2020/04/01","96.3120","66765900.0000","100.8000","102.7910","95.0200"
"2020/03/31","104.8000","88857450.0000","100.2500","108.5920","99.4000"
"2020/03/30","100.4260","59990350.0000","102.0520","103.3294","98.2460"
"2020/03/27","102.8720","71887050.0000","101.0000","105.1600","98.8060"
"2020/03/26","105.6320","87110400.0000","109.4780","112.0000","102.4500"
"2020/03/25","107.8500","106113750.0000","109.0500","111.4000","102.2220"
"2020/03/24","101.0000","114475850.0000","95.4600","102.7380","94.8000"
"2020/03/23","86.8580","82272750.0000","86.7200","88.4000","82.1000"
"2020/03/20","85.5060","141427500.0000","87.6400","95.4000","85.1580"
"2020/03/19","85.5280","150977300.0000","74.9394","90.4000","71.6920"
"2020/03/18","72.2440","118930800.0000","77.8000","80.9720","70.1020"
"2020/03/17","86.0400","119972900.0000","88.0020","94.3700","79.2000"
"2020/03/16","89.0140","102447300.0000","93.8999","98.9740","88.4340"
"2020/03/13","109.3240","113201250.0000","119.0000","121.5140","100.4000"
"2020/03/12","112.1100","94545250.0000","116.1780","118.9000","109.2500"
"2020/03/11","126.8460","67067950.0000","128.0400","130.7160","122.6000"
"2020/03/10","129.0660","77972200.0000","131.8860","133.6000","121.6000"
"2020/03/09","121.6000","85368700.0000","121.0780","132.5996","121.0000"
"2020/03/06","140.6960","63314600.0000","138.0008","141.4000","136.8540"
"2020/03/05","144.9080","54263300.0000","144.7540","149.1500","143.6140"
"2020/03/04","149.9000","75244900.0000","152.7921","153.3040","144.9469"
"2020/03/03","149.1020","128920000.0000","161.0000","161.3960","143.2221"
"2020/03/02","148.7240","100974950.0000","142.2520","148.7380","137.3340"
"2020/02/28","133.5980","122820850.0000","125.9400","138.1040","122.3040"
"2020/02/27","135.8000","121385800.0000","146.0000","147.9540","133.8000"
"2020/02/26","155.7600","70769200.0000","156.5000","162.6620","155.2220"
"2020/02/25","159.9820","86452400.0000","169.8000","171.3200","157.4000"
"2020/02/24","166.7580","75960800.0000","167.8000","172.7000","164.4400"
"2020/02/21","180.2000","71697250.0000","181.3960","182.6120","176.0900"
"2020/02/20","179.8820","88174450.0000","182.3900","182.4000","171.9880"
"2020/02/19","183.4840","127114800.0000","184.7000","188.9560","180.2040"
"2020/02/18","171.6800","83491850.0000","168.3200","172.0000","166.4720"
"2020/02/14","160.0060","78468550.0000","157.4440","162.5940","157.1000"
"2020/02/13","160.8000","131446750.0000","148.3680","163.6000","147.0000"
"2020/02/12","153.4580","60112350.0000","155.5740","157.9500","152.6740"
"2020/02/11","154.8760","58487350.0000","153.7580","156.7012","151.6000"
"2020/02/10","154.2560","123445800.0000","160.0000","163.9980","150.4800"
"2020/02/07","149.6140","85317600.0000","146.1100","153.9500","146.0000"
"2020/02/06","149.7920","199403750.0000","139.9840","159.1660","137.4000"
"2020/02/05","146.9400","242119200.0000","164.6520","169.1960","140.8221"
"2020/02/04","177.4120","304693800.0000","176.5920","193.7980","166.7760"
"2020/02/03","156.0000","236167500.0000","134.7380","157.2280","134.7040"
"2020/01/31","130.1140","78596350.0000","128.0000","130.6000","126.5040"
"2020/01/30","128.1620","145028400.0000","126.4840","130.1760","123.6000"
"2020/01/29","116.1980","91083350.0000","115.1380","117.9600","113.4860"
"2020/01/28","113.3800","58942450.0000","113.6980","115.3620","111.6160"
"2020/01/27","111.6040","68040350.0000","108.3980","112.8880","107.8560"
"2020/01/24","112.9640","71768000.0000","114.1260","114.7720","110.8520"
"2020/01/23","114.4400","98255200.0000","112.8500","116.4000","111.1205"
"2020/01/22","113.9120","156845150.0000","114.3780","118.9000","111.8200"
"2020/01/21","109.4400","89017350.0000","106.0500","109.7160","105.6820"
"2020/01/17","102.1000","68145350.0000","101.5220","103.1340","100.6320"
"2020/01/16","102.6980","108683250.0000","98.7500","102.8920","98.4340"
"2020/01/15","103.7000","86844150.0000","105.9520","107.5680","103.3571"
"2020/01/14","107.5840","145306900.0000","108.8510","109.4820","104.9800"
"2020/01/13","104.9720","133172750.0000","98.7000","105.1260","98.4000"
"2020/01/10","95.6300","64884150.0000","96.3580","96.9880","94.7400"
"2020/01/09","96.2680","142315950.0000","99.4200","99.7600","94.5740"
"2020/01/08","98.4280","155996950.0000","94.7400","99.6980","93.6460"
"2020/01/07","93.8120","91045700.0000","92.2800","94.3260","90.6710"
"2020/01/06","90.3080","50787500.0000","88.0940","90.3120","88.0000"
"2020/01/03","88.6020","88973500.0000","88.1000","90.8000","87.3840"
"2020/01/02","86.0520","47791930.0000","84.9000","86.1391","84.3420"
"2019/12/31","83.6660","51462300.0000","81.0000","84.2580","80.4160"
"2019/12/30","82.9400","63006350.0000","85.7580","85.8000","81.8518"
"2019/12/27","86.0760","49784135.0000","87.0000","87.0620","85.2220"
"2019/12/26","86.1880","53241450.0000","85.5820","86.6960","85.2700"
"2019/12/24","85.0500","40273600.0000","83.6720","85.0940","82.5375"
"2019/12/23","83.8440","66664100.0000","82.3560","84.4020","82.0000"
"2019/12/20","81.1180","73926050.0000","82.0580","82.6000","80.0370"
"2019/12/19","80.8080","90601550.0000","79.4640","81.3700","79.3000"
"2019/12/18","78.6300","70681950.0000","76.1260","79.0440","76.1160"
"2019/12/17","75.7980","42518875.0000","75.7980","77.1000","75.1800"
"2019/12/16","76.3000","91104700.0000","72.5100","76.7220","72.5000"
"2019/12/13","71.6780","32871405.0000","72.2100","73.0420","70.9280"
"2019/12/12","71.9360","38881055.0000","70.9840","72.5480","70.6460"
"2019/12/11","70.5400","34595810.0000","70.3753","71.4380","70.2180"
"2019/12/10","69.7680","44199755.0000","67.9920","70.1460","67.8620"
"2019/12/09","67.9060","45201085.0000","67.3180","68.8900","67.0160"
"2019/12/06","67.1780","38094685.0000","67.0000","67.7720","66.9540"
"2019/12/05","66.0740","18684880.0000","66.5660","66.8845","65.4500"
"2019/12/04","66.6060","27681275.0000","67.5500","67.5720","66.5700"
"2019/12/03","67.2400","33067380.0000","66.5240","67.5820","66.4372"
"2019/12/02","66.9740","30409930.0000","65.8800","67.2765","65.7374"
"2019/11/29","65.9880","12328145.0000","66.2220","66.2520","65.5000"
"2019/11/27","66.2580","27817295.0000","66.2240","66.7860","65.7140"
"2019/11/26","65.7840","39781195.0000","67.0540","67.1000","65.4200"
"2019/11/25","67.2680","61728850.0000","68.8640","68.9140","66.8920"
"2019/11/22","66.6080","84353200.0000","68.0320","68.2000","66.0000"
"2019/11/21","70.9660","30550065.0000","70.9020","72.1680","70.8008"
"2019/11/20","70.4440","33669825.0000","72.0000","72.2400","69.9140"
"2019/11/19","71.9040","38680390.0000","70.3500","71.9980","69.5600"
"2019/11/18","69.9980","22042525.0000","70.5834","70.6300","69.2200"
"2019/11/15","70.4340","24062815.0000","70.1280","70.5600","69.6720"
"2019/11/14","69.8700","32358515.0000","69.2220","70.7680","68.5820"
"2019/11/13","69.2220","42339315.0000","71.0000","71.2660","69.0360"
"2019/11/12","69.9860","36796915.0000","69.3800","70.0740","68.8080"
"2019/11/11","69.0180","49968445.0000","68.7900","69.8380","68.4000"
"2019/11/08","67.4280","30371105.0000","66.9000","67.4920","66.5000"
"2019/11/07","67.1080","72336750.0000","65.8280","68.3000","65.6040"
"2019/11/06","65.3160","39704660.0000","63.6000","65.3440","62.9000"
"2019/11/05","63.4440","34717085.0000","63.9240","64.7020","63.2236"
"2019/11/04","63.4940","43935200.0000","62.9600","64.3880","61.8520"
"2019/11/01","62.6620","31919645.0000","63.2640","63.2960","61.9600"
"2019/10/31","62.9840","25334780.0000","62.6200","63.8000","62.6000"
"2019/10/30","63.0020","48209050.0000","62.6000","63.7580","61.9940"
"2019/10/29","63.2440","63421350.0000","63.9980","64.8600","62.9500"
"2019/10/28","65.5420","94351450.0000","65.5080","68.1680","64.5200"
"2019/10/25","65.6260","150030450.0000","59.5440","66.0000","59.2220"
"2019/10/24","59.9360","149096150.0000","59.6740","60.9860","57.8400"
"2019/10/23","50.9360","56080900.0000","50.9000","51.2280","50.2700"
"2019/10/22","51.1160","23125475.0000","50.8640","51.6660","50.1700"
"2019/10/21","50.7000","25540505.0000","51.6660","51.9000","50.0360"
"2019/10/18","51.3900","28768330.0000","52.1400","52.5600","51.0200"
"2019/10/17","52.3940","23895215.0000","52.5000","52.9560","52.0340"
"2019/10/16","51.9500","33521515.0000","51.4780","52.4200","51.3840"
"2019/10/15","51.5780","32397280.0000","51.5400","52.0000","50.8240"
"2019/10/14","51.3920","51134300.0000","49.5800","51.7100","49.4260"
"2019/10/11","49.5780","42440795.0000","49.4300","50.2160","49.3620"
"2019/10/10","48.9480","31567085.0000","49.0560","49.8560","48.3160"
"2019/10/09","48.9060","34675165.0000","48.2640","49.4590","48.1300"
"2019/10/08","48.0100","43511690.0000","47.1740","48.7880","46.9000"
"2019/10/07","47.5440","40434785.0000","45.9600","47.7120","45.7100"
"2019/10/04","46.2860","40105900.0000","46.3220","46.9560","45.6140"
"2019/10/03","46.6060","75688800.0000","46.3720","46.8960","44.8560"
"2019/10/02","48.6260","31282740.0000","48.6580","48.9300","47.8860"
"2019/10/01","48.9380","30981450.0000","48.3000","49.1900","47.8260"
"2019/09/30","48.1740","29730805.0000","48.6000","48.7960","47.2222"
"2019/09/27","48.4260","55615900.0000","48.4400","49.7420","47.7460"
"2019/09/26","48.5120","60393950.0000","46.1320","48.6620","45.4800"
"2019/09/25","45.7400","47221430.0000","44.9120","45.7960","43.6720"
"2019/09/24","44.6420","64705550.0000","48.3040","48.3980","44.5220"
"2019/09/23","48.2460","21958150.0000","48.0000","49.0359","47.8440"
"2019/09/20","48.1240","32531320.0000","49.2980","49.3892","47.6320"
"2019/09/19","49.3200","24415675.0000","49.2000","49.5880","48.9680"
"2019/09/18","48.6980","21140515.0000","49.0000","49.6337","48.4740"
"2019/09/17","48.9580","19734545.0000","48.4940","49.1200","48.0740"
"2019/09/16","48.5620","23640480.0000","49.2000","49.4860","48.2340"
"2019/09/13","49.0400","26565725.0000","49.3920","49.6900","48.9730"
"2019/09/12","49.1740","42906050.0000","49.5400","50.7000","48.8800"
"2019/09/11","49.4200","50213900.0000","47.4760","49.6348","47.2000"
"2019/09/10","47.1080","24418570.0000","46.1600","47.1080","45.7880"
"2019/09/09","46.3580","24013345.0000","46.0000","46.7520","45.8460"
"2019/09/06","45.4900","20946860.0000","45.4400","45.9280","45.0340"
"2019/09/05","45.9160","37016610.0000","44.5000","45.9600","44.1700"
"2019/09/04","44.1360","28843480.0000","45.3780","45.6920","43.8410"
"2019/09/03","45.0020","26802730.0000","44.8160","45.7900","44.6320"
"2019/08/30","45.1220","46638875.0000","45.8300","46.4880","44.8426"
"2019/08/29","44.3420","25915520.0000","43.8000","44.6800","43.6000"
"2019/08/28","43.1180","16193125.0000","42.7380","43.4500","42.4620"
"2019/08/27","42.8160","27103635.0000","43.1480","43.7600","42.4060"
"2019/08/26","43.0000","25272070.0000","42.7200","43.0040","42.3080"
"2019/08/23","42.2800","42798520.0000","43.9940","44.2340","42.2000"
"2019/08/22","44.4300","32824820.0000","44.5600","45.0800","43.6440"
"2019/08/21","44.1660","38998720.0000","44.4020","44.6440","43.5200"
"2019/08/20","45.1720","20852635.0000","45.5240","45.8180","44.9080"
"2019/08/19","45.3660","26558740.0000","44.8420","45.5660","44.3400"
"2019/08/16","43.9880","26036880.0000","43.3320","44.4480","43.2040"
"2019/08/15","43.1280","41159760.0000","44.1720","44.3120","42.3100"
"2019/08/14","43.9240","47812955.0000","46.2420","46.3000","43.3380"
"2019/08/13","47.0000","24344990.0000","45.7620","47.2000","45.5100"
"2019/08/12","45.8020","23319685.0000","46.5980","47.1540","45.7500"
"2019/08/09","47.0020","19491220.0000","47.2108","47.7920","46.7620"
"2019/08/08","47.6600","26371745.0000","46.8900","47.9600","46.5300"
"2019/08/07","46.6840","23882500.0000","45.3000","46.7138","45.1600"
"2019/08/06","46.1500","27821000.0000","46.3760","46.5000","45.1500"
"2019/08/05","45.6640","35141395.0000","45.9200","46.2735","45.1550"
"2019/08/02","46.8680","30682405.0000","46.2700","47.2540","45.8460"
"2019/08/01","46.7700","41297580.0000","48.5300","48.9020","46.3540"
"2019/07/31","48.3220","45891040.0000","48.6000","49.3360","47.3300"
"2019/07/30","48.4520","40545070.0000","46.5800","48.6720","46.4360"
"2019/07/29","47.1540","46366655.0000","45.4180","47.1880","45.2065"
"2019/07/26","45.6080","50138500.0000","45.3840","46.0520","44.4500"
"2019/07/25","45.7640","112091250.0000","46.7000","46.9000","45.1100"
"2019/07/24","52.9760","55364200.0000","51.8340","53.2140","51.6320"
"2019/07/23","52.0340","25115605.0000","51.3420","52.0960","50.9000"
"2019/07/22","51.1360","34231365.0000","51.7500","52.4310","50.8382"
"2019/07/19","51.6360","35242050.0000","51.1380","51.9920","50.9240"
"2019/07/18","50.7080","23822415.0000","51.0100","51.1500","50.3770"
"2019/07/17","50.9720","48823635.0000","51.1340","51.6620","50.6700"
"2019/07/16","50.4760","40744945.0000","49.8600","50.7060","49.5865"
"2019/07/15","50.7000","55000450.0000","49.6000","50.8840","48.9720"
"2019/07/12","49.0160","46002605.0000","47.9500","49.0760","47.9420"
"2019/07/11","47.7200","37572150.0000","47.6280","48.3000","47.1600"
"2019/07/10","47.7840","45728680.0000","46.8300","47.7880","46.6280"
"2019/07/09","46.0120","30954175.0000","45.7940","46.2000","45.4560"
"2019/07/08","46.0680","29402710.0000","46.2480","46.4500","45.7320"
"2019/07/05","46.6200","35328690.0000","46.9140","47.0900","46.1600"
"2019/07/03","46.9800","71005750.0000","47.8780","48.3140","46.9020"
"2019/07/02","44.9100","46295135.0000","45.7780","45.8300","44.4440"
"2019/07/01","45.4340","41189820.0000","46.0420","46.6199","45.2560"
"2019/06/28","44.6920","34256920.0000","44.1980","45.0340","44.1600"
"2019/06/27","44.5680","31698550.0000","43.8900","44.5800","43.4700"
"2019/06/26","43.8540","42536040.0000","44.0620","45.4460","43.6200"
"2019/06/25","43.9520","30910355.0000","44.8780","45.0680","43.8980"
"2019/06/24","44.7280","28753855.0000","44.6480","45.1720","44.2040"
"2019/06/21","44.3720","41010390.0000","43.2440","44.4360","43.1000"
"2019/06/20","43.9240","59317300.0000","44.6000","45.3800","43.2700"
"2019/06/19","45.2860","32875675.0000","45.0220","45.5540","44.2120"
"2019/06/18","44.9480","63578950.0000","45.7440","46.9480","44.5120"
"2019/06/17","45.0060","61584000.0000","43.0960","45.4000","42.8540"
"2019/06/14","42.9840","37167010.0000","42.2500","43.3300","42.0800"
"2019/06/13","42.7820","40841300.0000","42.0760","42.9800","41.5021"
"2019/06/12","41.8520","75987700.0000","44.5900","44.6760","41.8000"
"2019/06/11","43.4200","58267700.0000","43.8288","44.1800","42.7000"
"2019/06/10","42.5760","52925200.0000","42.0500","43.3880","41.8020"
"2019/06/07","40.9000","80017650.0000","41.0000","42.1688","40.6998"
"2019/06/06","41.1900","101210750.0000","40.8880","42.2000","40.3600"
"2019/06/05","39.3180","67553800.0000","39.7360","40.2556","38.3697"
"2019/06/04","38.7200","69037600.0000","36.2200","38.7960","35.9220"
"2019/06/03","35.7940","65322050.0000","37.1020","37.3360","35.3984"
"2019/05/31","37.0320","52033650.0000","37.0200","37.9841","36.8200"
"2019/05/30","37.6440","39632375.0000","37.7500","38.4510","37.4040"
"2019/05/29","37.9720","59843200.0000","37.4200","38.4780","37.0080"
"2019/05/28","37.7400","51564500.0000","38.2400","39.0000","37.5700"
"2019/05/24","38.1260","70682850.0000","39.9660","39.9960","37.7501"
"2019/05/23","39.0980","132735700.0000","38.8680","39.8930","37.2440"
"2019/05/22","38.5460","93425950.0000","39.8200","40.7880","38.3560"
"2019/05/21","41.0160","90019500.0000","39.5520","41.4800","39.2080"
"2019/05/20","41.0720","102631000.0000","40.5600","41.2000","39.0500"
"2019/05/17","42.2060","88933350.0000","44.3920","44.4480","41.7840"
"2019/05/16","45.6660","37416365.0000","45.8980","46.2000","45.3000"
"2019/05/15","46.3900","36479880.0000","45.8640","46.4880","45.0500"
"2019/05/14","46.4620","36262060.0000","45.8600","46.9000","45.6000"
"2019/05/13","45.4020","54174000.0000","46.4020","46.4940","44.9000"
"2019/05/10","47.9040","35041680.0000","47.9500","48.3980","47.2040"
"2019/05/09","48.3960","33556910.0000","48.4000","48.7360","47.3887"
"2019/05/08","48.9680","30882200.0000","49.3880","50.1198","48.8400"
"2019/05/07","49.4120","50657050.0000","51.3600","51.4420","49.0200"
"2019/05/06","51.0680","54169700.0000","50.0040","51.6700","49.7000"
"2019/05/03","51.0060","118533850.0000","48.7720","51.3220","48.6980"
"2019/05/02","48.8200","90796700.0000","49.1040","49.4260","47.5440"
"2019/05/01","46.8020","53521750.0000","47.7700","48.0000","46.3000"
"2019/04/30","47.7380","47234825.0000","48.4120","48.8420","47.4000"
"2019/04/29","48.2940","83433100.0000","47.1720","48.7960","46.4340"
"2019/04/26","47.0280","110755800.0000","49.3000","49.3360","46.2260"
"2019/04/25","49.5260","109116900.0000","51.0000","51.8000","49.2140"
"2019/04/24","51.7320","48285305.0000","52.7700","53.0640","51.6000"
"2019/04/23","52.7800","54546750.0000","52.0300","53.1200","51.1500"
"2019/04/22","52.5500","60508450.0000","53.8000","53.9360","52.4960"
"2019/04/18","54.6520","29307390.0000","54.2460","54.9680","53.9500"
"2019/04/17","54.2460","25590055.0000","54.9500","54.9580","53.7070"
"2019/04/16","54.6720","36332520.0000","53.1500","55.0000","52.9440"
"2019/04/15","53.2760","50162450.0000","53.7260","53.7760","51.7260"
"2019/04/12","53.5400","33676930.0000","54.0440","54.3900","53.3660"
"2019/04/11","53.6840","48906470.0000","53.6600","54.1000","53.1200"
"2019/04/10","55.2120","35225170.0000","55.3480","55.6760","54.5785"
"2019/04/09","54.4620","29466235.0000","54.3300","55.0000","53.9220"
"2019/04/08","54.6400","51823000.0000","55.5380","56.2320","54.0880"
"2019/04/05","54.9920","65113700.0000","53.9720","55.2200","53.2220"
"2019/04/04","53.5560","118400850.0000","52.3780","54.2400","52.1180"
"2019/04/03","58.3620","39583250.0000","57.4640","59.2340","57.4340"
"2019/04/02","57.1760","27135920.0000","57.6600","57.8880","56.7760"
"2019/04/01","57.8360","40465670.0000","56.5240","57.8400","56.2562"
"2019/03/29","55.9720","29901775.0000","55.7400","56.0320","54.9000"
"2019/03/28","55.7240","33824605.0000","55.4320","56.0660","55.0200"
"2019/03/27","54.9660","43761920.0000","53.7500","55.0740","53.6368"
"2019/03/26","53.5540","36709340.0000","52.8880","54.0520","52.8860"
"2019/03/25","52.0840","51025400.0000","51.9420","52.6360","50.8920"
"2019/03/22","52.9060","43609750.0000","54.5160","54.5600","52.8000"
"2019/03/21","54.8040","29654625.0000","54.5200","55.2900","53.6900"
"2019/03/20","54.7200","34409880.0000","53.9380","54.9940","53.2600"
"2019/03/19","53.4940","58871650.0000","53.5000","54.6600","52.6920"
"2019/03/18","53.8980","51324800.0000","55.2000","55.6100","53.4600"
"2019/03/15","55.0860","73786800.0000","56.7020","56.7449","54.8800"
"2019/03/14","57.9920","35240690.0000","58.4900","59.0780","57.6580"
"2019/03/13","57.7920","34089270.0000","56.7800","58.3980","56.5400"
"2019/03/12","56.6720","37440185.0000","57.2980","57.6140","56.2120"
"2019/03/11","58.1840","36861490.0000","56.7040","58.2560","56.1000"
"2019/03/08","56.8280","44028860.0000","55.3820","57.1180","55.1780"
"2019/03/07","55.3180","47053485.0000","55.7680","56.9400","54.8500"
"2019/03/06","55.2480","51596850.0000","55.2960","56.3012","54.8780"
"2019/03/05","55.3080","93649000.0000","56.4000","56.8000","54.0200"
"2019/03/04","57.0720","85344450.0000","59.6240","59.8000","56.5560"
"2019/03/01","58.9580","114243750.0000","61.3880","61.4260","58.3800"
"2019/02/28","63.9760","48331120.0000","63.7840","64.0000","62.1620"
"2019/02/27","62.9480","55720500.0000","60.3560","63.2590","60.1100"
"2019/02/26","59.5720","42858045.0000","58.4440","60.4020","57.7540"
"2019/02/25","59.7540","31068505.0000","59.5820","60.5809","59.4001"
"2019/02/22","58.9420","28656900.0000","58.8980","59.3000","58.4200"
"2019/02/21","58.2460","44404150.0000","60.3620","60.6480","58.1000"
"2019/02/20","60.5120","35664845.0000","60.8820","61.2600","59.8000"
"2019/02/19","61.1280","20602600.0000","61.3120","62.3088","61.0940"
"2019/02/15","61.5760","19479075.0000","60.9000","61.6000","60.7800"
"2019/02/14","60.7540","25954435.0000","60.6760","61.3540","60.2000"
"2019/02/13","61.6340","25651990.0000","62.4700","62.5500","61.1140"
"2019/02/12","62.3620","27427095.0000","63.2400","63.6380","61.9240"
"2019/02/11","62.5680","35570060.0000","62.3200","63.7200","62.1000"
"2019/02/08","61.1600","29175390.0000","61.3660","61.4890","59.7000"
"2019/02/07","61.5020","32559150.0000","62.6600","62.9400","60.6000"
"2019/02/06","63.4440","25156840.0000","63.9180","64.8480","63.1248"
"2019/02/05","64.2700","33673695.0000","62.4980","64.4880","62.4499"
"2019/02/04","62.5780","36720380.0000","62.5960","63.0600","60.3760"
"2019/02/01","62.4420","36318090.0000","61.0840","63.2200","60.7000"
"2019/01/31","61.4040","62725950.0000","60.2000","62.3127","58.8000"
"2019/01/30","61.7540","52970200.0000","60.0900","61.8000","59.6980"
"2019/01/29","59.4920","23014665.0000","59.0540","59.7113","58.3600"
"2019/01/28","59.2760","32047385.0000","58.5820","59.4920","57.5500"
"2019/01/25","59.4080","35513905.0000","58.8780","59.7039","57.9100"
"2019/01/24","58.3020","39954555.0000","56.6060","58.7360","55.8566"
"2019/01/23","57.5180","62565400.0000","58.5000","58.9000","56.3380"
"2019/01/22","59.7840","60260650.0000","60.9640","61.6000","59.1000"
"2019/01/18","60.4520","120396300.0000","64.6000","65.4259","59.9460"
"2019/01/17","69.4620","18305810.0000","69.2420","70.3000","68.8300"
"2019/01/16","69.2100","23386135.0000","68.9560","70.4000","68.7000"
"2019/01/15","68.8860","30239450.0000","67.0000","69.7600","66.9000"
"2019/01/14","66.8800","26163450.0000","68.4760","68.5000","66.8000"
"2019/01/11","69.4520","25175390.0000","68.4180","69.6820","67.7540"
"2019/01/10","68.9940","30248105.0000","66.8800","69.0780","66.3580"
"2019/01/09","67.7060","27133090.0000","67.1000","68.7005","66.2940"
"2019/01/08","67.0700","34972135.0000","68.3920","68.8020","65.4040"
"2019/01/07","66.9920","37711690.0000","64.3440","67.3480","63.5502"
"2019/01/04","63.5380","36913775.0000","61.2000","63.6000","60.5460"
"2019/01/03","60.0720","34742885.0000","61.4000","61.8800","59.4760"
"2019/01/02","62.0240","58056350.0000","61.2200","63.0260","59.7600"
"2018/12/31","66.5600","31471490.0000","67.5580","67.8420","65.0520"
"2018/12/28","66.7740","49593885.0000","64.6200","67.2480","63.6820"
"2018/12/27","63.2260","42836925.0000","63.9680","64.4343","60.3000"
"2018/12/26","65.2180","40715510.0000","60.0000","65.3940","58.8180"
"2018/12/24","59.0780","27799565.0000","62.7000","62.9000","59.0390"
"2018/12/21","63.9540","39986095.0000","63.4800","64.6940","62.4880"
"2018/12/20","63.0760","45246945.0000","65.4108","66.0580","62.3738"
"2018/12/19","66.5940","41281870.0000","67.5200","69.4020","65.9480"
"2018/12/18","67.4060","35424435.0000","70.1080","70.3100","66.7380"
"2018/12/17","69.6840","38324160.0000","72.4000","73.1400","68.7760"
"2018/12/14","73.1420","31638125.0000","75.0000","75.5740","72.8660"
"2018/12/13","75.3580","36740840.0000","74.0300","75.4880","73.3500"
"2018/12/12","73.3200","25098625.0000","73.8840","74.3820","73.0320"
"2018/12/11","73.3520","31492360.0000","73.9820","74.4338","72.0460"
"2018/12/10","73.0300","32876705.0000","72.0000","73.1960","70.6240"
"2018/12/07","71.5930","57421750.0000","73.8000","75.8980","71.5300"
"2018/12/06","72.6120","39143445.0000","71.2020","73.4760","70.1520"
"2018/12/04","71.9400","42151065.0000","71.2100","73.7360","70.4000"
"2018/12/03","71.6980","41479215.0000","72.0000","73.2000","70.4000"
"2018/11/30","70.0960","28105520.0000","68.3660","70.3200","67.6530"
"2018/11/29","68.2340","15380130.0000","69.4000","69.5000","67.9100"
"2018/11/28","69.5740","20570190.0000","69.1980","69.6560","68.4420"
"2018/11/27","68.7840","31735020.0000","68.0100","69.3920","67.1000"
"2018/11/26","69.2000","39865595.0000","65.0000","69.2440","65.0000"
"2018/11/23","65.1660","21013210.0000","66.8690","67.5000","65.1100"
"2018/11/21","67.6380","23386945.0000","70.4000","70.6200","67.4799"
"2018/11/20","69.4980","39956265.0000","68.3500","69.9600","66.7100"
"2018/11/19","70.6940","48492795.0000","71.2680","73.3500","70.5760"
"2018/11/16","70.8620","35972290.0000","69.0380","71.1400","69.0240"
"2018/11/15","69.6880","23000650.0000","68.4660","69.7160","67.8080"
"2018/11/14","68.8000","25160415.0000","68.5400","69.4220","67.4300"
"2018/11/13","67.7460","27113780.0000","66.6320","68.9400","66.4400"
"2018/11/12","66.2560","34584825.0000","69.6740","69.9560","66.0680"
"2018/11/09","70.1020","25467280.0000","69.8000","70.8000","69.0460"
"2018/11/08","70.2800","35401015.0000","69.7000","71.5151","69.6880"
"2018/11/07","69.6320","36833530.0000","68.6680","70.2360","68.1600"
"2018/11/06","68.2120","33759650.0000","67.8140","69.7600","67.2180"
"2018/11/05","68.2800","39104225.0000","68.1000","68.7910","66.0280"
"2018/11/02","69.2820","38999600.0000","68.7480","69.8400","68.1820"
"2018/11/01","68.8560","39904730.0000","67.6520","69.5680","66.9450"
"2018/10/31","67.4640","38004200.0000","66.5080","68.4000","65.8200"
"2018/10/30","65.9800","45545600.0000","65.6780","67.5800","64.4520"
"2018/10/29","66.9700","72275750.0000","67.4940","69.4320","65.3000"
"2018/10/26","66.1800","136901100.0000","61.6500","67.9800","61.3300"
"2018/10/25","62.9720","103858350.0000","63.4440","64.2000","60.2020"
"2018/10/24","57.7000","96752250.0000","60.2100","60.8880","57.1460"
"2018/10/23","58.8280","94781050.0000","52.7740","59.5860","52.4200"
"2018/10/22","52.1900","27974275.0000","52.1360","52.3720","50.5180"
"2018/10/19","52.0000","46723820.0000","53.4780","53.9320","50.7000"
"2018/10/18","52.7820","27009355.0000","53.8580","54.2000","52.6000"
"2018/10/17","54.3560","43184745.0000","56.4800","56.5400","53.1606"
"2018/10/16","55.3180","47505600.0000","53.1400","55.4750","52.4480"
"2018/10/15","51.9180","30945130.0000","51.8120","52.6560","50.9073"
"2018/10/12","51.7560","35946285.0000","52.2000","52.3980","50.4020"
"2018/10/11","50.4460","40640920.0000","51.5060","52.4500","49.8060"
"2018/10/10","51.3760","63907800.0000","52.9220","53.1020","49.5540"
"2018/10/09","52.5600","60188900.0000","51.0500","53.3540","50.6600"
"2018/10/08","50.1120","66855900.0000","52.9040","53.5520","49.8000"
"2018/10/05","52.3900","89503550.0000","54.9300","54.9760","52.0000"
"2018/10/04","56.3660","48194425.0000","58.7900","58.8000","55.5340"
"2018/10/03","58.9600","39911360.0000","60.6660","60.9200","58.3140"
"2018/10/02","60.2040","58498450.0000","62.7900","63.3680","59.8300"
"2018/10/01","62.1400","108571050.0000","61.1540","62.2880","60.2100"
"2018/09/28","52.9540","167986450.0000","54.0520","55.6000","52.1110"
"2018/09/27","61.5040","36688800.0000","62.5800","62.9920","61.3820"
"2018/09/26","61.9160","39179315.0000","60.3820","62.7780","60.2219"
"2018/09/25","60.1980","22361435.0000","60.0000","60.9200","59.3000"
"2018/09/24","59.9360","24171920.0000","59.6960","60.5999","58.7160"
"2018/09/21","59.8200","25192485.0000","59.5400","60.1160","59.0740"
"2018/09/20","59.6660","36662385.0000","60.7120","61.1960","58.6660"
"2018/09/19","59.8040","41321765.0000","56.1020","60.0000","56.1000"
"2018/09/18","56.9920","82471400.0000","59.3380","60.5280","55.1000"
"2018/09/17","58.9680","34331040.0000","58.0080","60.1740","57.6260"
"2018/09/14","59.0400","33788260.0000","57.7520","59.4651","57.3040"
"2018/09/13","57.8920","31666405.0000","57.6040","59.0000","57.0360"
"2018/09/12","58.1080","50010750.0000","56.2880","58.5000","55.7293"
"2018/09/11","55.8880","45805305.0000","55.8940","56.4000","54.7100"
"2018/09/10","57.1000","71161250.0000","54.6520","57.2060","54.2000"
"2018/09/07","52.6480","112211550.0000","52.0200","53.6700","50.4510"
"2018/09/06","56.1900","37363780.0000","56.9600","58.2340","55.7760"
"2018/09/05","56.1480","38536710.0000","57.0100","57.3560","55.4360"
"2018/09/04","57.7900","41522855.0000","59.3880","59.6380","57.6000"
"2018/08/31","60.3320","26835240.0000","60.4000","61.0616","59.7200"
"2018/08/30","60.6300","36053125.0000","60.4520","60.9200","59.5440"
"2018/08/29","61.0020","37052690.0000","62.0540","62.3700","60.7380"
"2018/08/28","62.3720","38197265.0000","63.6820","63.7760","62.2380"
"2018/08/27","63.8540","65313250.0000","63.6000","64.4870","61.7620"
"2018/08/24","64.5640","17963670.0000","64.1400","64.7700","63.8800"
"2018/08/23","64.0200","25693425.0000","63.8280","65.4640","63.6200"
"2018/08/22","64.3280","29679265.0000","64.1740","64.7760","62.9340"
"2018/08/21","64.3800","65738850.0000","62.1220","64.9580","61.8000"
"2018/08/20","61.6880","86902150.0000","58.3408","61.7000","57.6400"
"2018/08/17","61.1000","94479400.0000","64.7000","65.3540","60.7060"
"2018/08/16","67.0900","30226960.0000","67.9820","68.4560","66.7640"
"2018/08/15","67.7380","45365165.0000","68.3812","68.8980","66.4280"
"2018/08/14","69.5280","34742555.0000","71.6900","71.8399","69.4200"
"2018/08/13","71.2820","52224600.0000","72.2260","72.6380","69.8040"
"2018/08/10","71.0980","57652550.0000","70.8000","72.0000","69.2000"
"2018/08/09","70.4900","84759000.0000","73.1100","73.4020","69.1460"
"2018/08/08","74.0680","122677100.0000","73.8180","76.5280","73.4240"
"2018/08/07","75.9140","152982000.0000","68.7680","77.4920","67.8300"
"2018/08/06","68.3980","42683830.0000","69.0920","70.9960","68.3640"
"2018/08/03","69.6340","68233200.0000","69.5620","71.0000","68.5060"
"2018/08/02","69.9080","115795800.0000","65.6880","69.9980","64.6320"
"2018/08/01","60.1680","43840495.0000","59.5980","60.6000","58.6000"
"2018/07/31","59.6280","25275470.0000","58.4500","59.6640","57.8140"
"2018/07/30","58.0340","33997905.0000","59.1800","59.2200","57.2260"
"2018/07/27","59.4360","28473450.0000","61.4500","61.5387","59.0681"
"2018/07/26","61.3300","23097835.0000","60.9700","62.1400","60.7282"
"2018/07/25","61.7480","35156910.0000","59.3480","61.9240","58.9005"
"2018/07/24","59.4860","47930930.0000","60.8842","61.5434","58.5090"
"2018/07/23","60.6400","54874100.0000","60.3680","61.1000","58.5720"
"2018/07/20","62.7160","25799155.0000","64.2460","64.6480","62.3419"
"2018/07/19","64.0460","29535580.0000","63.2660","64.7080","62.8020"
"2018/07/18","64.7700","28050425.0000","65.0000","65.1000","63.2500"
"2018/07/17","64.5380","34938910.0000","61.7620","64.9480","61.7000"
"2018/07/16","62.0200","39002270.0000","62.3420","63.0320","61.2500"
"2018/07/13","63.7740","29333880.0000","63.1160","63.9170","61.8500"
"2018/07/12","63.3420","28559255.0000","64.2860","64.6460","62.5540"
"2018/07/11","63.7920","24392975.0000","63.1600","64.3880","63.0140"
"2018/07/10","64.4940","47187785.0000","64.9120","65.5354","63.8400"
"2018/07/09","63.7020","37897705.0000","62.3980","63.7040","61.6000"
"2018/07/06","61.7800","44300990.0000","60.9910","62.4140","60.4000"
"2018/07/05","61.8320","87287850.0000","62.7520","62.8780","59.2440"
"2018/07/03","62.1720","61413200.0000","66.3500","66.4980","61.9380"
"2018/07/02","67.0140","93663550.0000","72.0140","72.9560","65.9700"
"2018/06/29","68.5900","32379515.0000","70.6660","70.7720","68.4820"
"2018/06/28","69.9860","41940860.0000","69.7320","71.4040","69.2220"
"2018/06/27","68.9000","41569085.0000","69.0000","70.1580","67.9000"
"2018/06/26","68.4000","37173745.0000","67.2108","68.7100","65.1598"
"2018/06/25","66.6020","34625445.0000","66.0240","67.6940","65.5000"
"2018/06/22","66.7260","51268850.0000","70.3080","70.4500","66.4000"
"2018/06/21","69.5020","39749230.0000","72.4000","73.2428","69.2540"
"2018/06/20","72.4440","41851340.0000","71.6080","72.8760","70.4000"
"2018/06/19","70.5100","63674200.0000","73.0320","74.0000","69.2500"
"2018/06/18","74.1660","60127250.0000","71.0800","74.7460","70.9000"
"2018/06/15","71.6340","54137800.0000","70.7680","72.9340","70.2500"
"2018/06/14","71.5440","54805750.0000","69.5260","71.7500","69.3200"
"2018/06/13","68.9560","47007335.0000","69.3412","69.4400","67.9600"
"2018/06/12","68.5540","111282150.0000","68.9400","70.9940","67.6000"
"2018/06/11","66.4200","65830250.0000","64.5020","66.9320","64.5000"
"2018/06/08","63.5320","40960875.0000","63.8000","64.8960","63.4300"
"2018/06/07","63.2180","71680550.0000","63.2300","66.0000","62.7160"
"2018/06/06","63.9000","93712000.0000","60.1000","64.4340","59.4960"
"2018/06/05","58.2260","29389365.0000","59.5400","59.5600","57.3480"
"2018/06/04","59.3480","23968935.0000","58.8680","59.8000","58.7096"
"2018/06/01","58.3640","27089920.0000","57.1720","58.3900","56.7678"
"2018/05/31","56.9460","29564125.0000","57.4420","58.0740","56.5860"
"2018/05/30","58.3440","37367950.0000","56.6580","59.0010","56.3200"
"2018/05/29","56.7520","28285765.0000","55.7020","57.3000","55.2300"
"2018/05/25","55.7700","19363105.0000","55.5250","55.9280","55.1220"
"2018/05/24","55.5700","20853945.0000","55.6800","56.2220","54.9780"
"2018/05/23","55.8140","29861185.0000","55.5520","55.9820","54.8000"
"2018/05/22","55.0020","44692505.0000","57.5524","57.6000","54.6844"
"2018/05/21","56.8980","45839220.0000","56.2660","58.2980","56.2600"
"2018/05/18","55.3640","36218495.0000","56.9300","56.9300","54.8000"
"2018/05/17","56.9080","22091290.0000","57.1800","57.8375","56.7940"
"2018/05/16","57.2960","28348220.0000","56.7660","57.7620","56.3120"
"2018/05/15","56.8360","47548765.0000","57.0020","57.3920","56.1000"
"2018/05/14","58.3940","36327505.0000","60.6640","60.9880","58.3240"
"2018/05/11","60.2120","23326605.0000","61.5400","61.7760","59.8160"
"2018/05/10","61.0040","28213855.0000","61.4999","62.5980","60.8224"
"2018/05/09","61.3700","28561275.0000","60.0820","61.4020","60.0100"
"2018/05/08","60.3940","29637235.0000","60.1590","61.5500","59.8000"
"2018/05/07","60.5540","43365450.0000","59.5000","61.1918","59.0340"
"2018/05/04","58.8180","42827530.0000","56.6000","59.3720","55.9040"
"2018/05/03","56.8900","86695450.0000","55.7580","57.6080","55.0460"
"2018/05/02","60.2300","41730880.0000","59.7140","61.3700","59.5569"
"2018/05/01","59.9840","23074730.0000","58.7020","60.1640","58.6440"
"2018/04/30","58.7800","21120340.0000","58.7220","59.7460","58.5000"
"2018/04/27","58.8150","21734270.0000","57.0740","58.8940","56.7660"
"2018/04/26","57.0960","21740540.0000","55.7500","57.1580","55.3000"
"2018/04/25","56.1380","20002105.0000","56.7000","57.0320","55.4500"
"2018/04/24","56.6920","28391210.0000","57.0000","57.4180","55.6920"
"2018/04/23","56.6740","24403715.0000","58.2580","58.3240","56.4660"
"2018/04/20","58.0480","28113150.0000","59.0340","59.9960","57.9500"
"2018/04/19","60.0160","30419000.0000","58.2160","60.2020","57.7100"
"2018/04/18","58.6700","32657815.0000","58.2160","60.0480","57.6320"
"2018/04/17","57.5380","34655760.0000","57.7740","58.4340","56.5020"
"2018/04/16","58.2420","31447485.0000","59.8000","59.9320","57.8020"
"2018/04/13","60.0680","36596125.0000","60.7200","60.7900","59.1960"
"2018/04/12","58.8160","37977625.0000","60.4640","60.7900","58.7360"
"2018/04/11","60.1860","37351020.0000","60.1480","61.7960","59.9320"
"2018/04/10","60.9400","55085050.0000","59.7940","61.4200","58.7360"
"2018/04/09","57.9320","51207050.0000","60.0740","61.9000","57.8420"
"2018/04/06","59.8600","67582650.0000","60.2000","61.8560","59.1000"
"2018/04/05","61.1440","95129300.0000","57.8680","61.2520","57.6400"
"2018/04/04","57.3880","99400900.0000","50.5560","57.6740","50.4000"
"2018/04/03","53.5060","94148250.0000","53.9640","54.6700","50.8980"
"2018/04/02","50.4960","80466450.0000","51.2520","52.0664","48.9180"
"2018/03/29","53.2260","75072200.0000","51.2980","54.1920","49.6420"
"2018/03/28","51.5560","104811400.0000","52.9160","53.7360","50.4200"
"2018/03/27","55.8360","68935300.0000","60.8000","60.8540","55.4360"
"2018/03/26","60.8360","41824685.0000","61.4680","61.5180","58.2720"
"2018/03/23","60.3080","33199800.0000","62.2500","62.3220","60.0900"
"2018/03/22","61.8200","24624640.0000","62.7780","63.7640","61.6360"
"2018/03/21","63.3060","29771235.0000","62.0500","64.4880","62.0380"
"2018/03/20","62.1100","23805155.0000","62.9740","63.2500","61.7520"
"2018/03/19","62.7120","37339450.0000","63.3000","64.1500","61.9340"
"2018/03/16","64.2700","30566825.0000","65.1920","65.4800","63.8140"
"2018/03/15","65.1200","32772840.0000","65.8760","66.5700","64.2200"
"2018/03/14","65.3260","39760760.0000","67.3520","67.9620","64.7860"
"2018/03/13","68.3680","29803180.0000","68.9840","69.0240","67.2527"
"2018/03/12","69.1020","41264595.0000","65.7220","69.4420","65.3000"
"2018/03/09","65.4340","27513895.0000","64.8200","65.6980","64.4740"
"2018/03/08","65.8200","17571835.0000","66.5720","66.6600","65.2548"
"2018/03/07","66.4600","25009700.0000","65.0880","66.5000","64.3480"
"2018/03/06","65.6400","21182415.0000","66.7500","67.2740","65.4060"
"2018/03/05","66.6700","19103510.0000","66.4780","67.5500","65.8586"
"2018/03/02","67.0240","25443945.0000","65.3960","67.0440","64.5940"
"2018/03/01","66.1860","34362760.0000","69.0020","69.7340","66.0140"
"2018/02/28","68.6120","30330220.0000","70.5140","71.0480","68.4440"
"2018/02/27","70.1980","23925110.0000","71.2500","71.9980","70.0020"
"2018/02/26","71.4840","21672500.0000","70.7000","71.8000","70.4710"
"2018/02/23","70.4100","29070885.0000","69.5660","70.9980","69.4200"
"2018/02/22","69.2340","34809400.0000","67.1060","69.4880","66.9500"
"2018/02/21","66.6600","16036250.0000","67.2060","67.9386","66.6340"
"2018/02/20","66.9540","20029810.0000","66.8940","68.1680","66.3000"
"2018/02/16","67.0980","28200920.0000","66.5000","68.6240","66.3280"
"2018/02/15","66.8130","29549115.0000","64.9000","66.8240","64.4800"
"2018/02/14","64.4620","19740385.0000","64.1680","65.2340","63.7040"
"2018/02/13","64.7320","22773155.0000","63.0040","64.8380","62.5021"
"2018/02/12","63.1460","31122395.0000","63.2260","63.6160","61.2500"
"2018/02/09","62.0840","64622150.0000","63.9860","64.1969","58.9520"
"2018/02/08","63.0460","51482100.0000","68.6620","69.7240","62.9200"
"2018/02/07","69.0000","33648410.0000","67.7980","69.2000","67.1320"
"2018/02/06","66.7940","25400160.0000","65.0420","67.2440","64.7000"
"2018/02/05","66.6260","22205830.0000","67.5940","68.8940","66.6000"
"2018/02/02","68.7500","18480785.0000","69.6880","70.3900","68.1020"
"2018/02/01","69.8500","20937200.0000","70.2000","71.9320","69.7260"
"2018/01/31","70.8620","30996865.0000","69.5020","71.2380","69.0380"
"2018/01/30","69.1640","23553420.0000","69.0280","69.6540","68.4340"
"2018/01/29","69.9060","23691040.0000","67.9700","70.1700","67.6560"
"2018/01/26","68.5700","22677285.0000","68.3000","68.8000","67.1420"
"2018/01/25","67.5280","33626040.0000","69.6540","69.8400","67.2800"
"2018/01/24","69.1780","26386930.0000","70.9160","70.9500","68.7040"
"2018/01/23","70.5580","27238110.0000","72.0000","72.1000","70.2000"
"2018/01/22","70.3120","30998885.0000","69.8800","71.5660","69.8400"
"2018/01/19","70.0040","24355905.0000","69.0000","70.1180","68.5200"
"2018/01/18","68.9140","28398145.0000","69.1340","70.4600","68.7480"
"2018/01/17","69.4320","35462770.0000","68.0940","69.8000","67.9500"
"2018/01/16","68.0120","32146170.0000","67.5080","69.0000","66.9600"
"2018/01/12","67.2440","24112545.0000","67.7260","68.0820","66.7340"
"2018/01/11","67.5900","33204315.0000","67.0480","68.9620","66.6520"
"2018/01/10","66.9600","21515265.0000","66.4400","67.4000","66.0000"
"2018/01/09","66.7380","35672625.0000","67.0320","67.7600","65.4810"
"2018/01/08","67.2820","49163050.0000","63.2000","67.4040","63.1000"
"2018/01/05","63.3160","22943640.0000","63.3240","63.4480","62.4000"
"2018/01/04","62.9240","49722965.0000","62.5740","63.7100","61.1360"
"2018/01/03","63.4500","22192600.0000","64.2000","65.0500","63.1100"
"2018/01/02","64.1060","21728075.0000","62.4000","64.4220","62.2000"
"2017/12/29","62.2700","18847520.0000","63.2360","63.2820","62.0000"
"2017/12/28","63.0720","21533730.0000","62.3500","63.1640","61.9080"
"2017/12/27","62.3280","23525420.0000","63.2000","63.5360","62.1500"
"2017/12/26","63.4580","21843495.0000","64.7660","64.7880","63.3160"
"2017/12/22","65.0400","21038010.0000","65.9020","66.1843","64.9640"
"2017/12/21","66.3320","21849970.0000","65.9180","66.7480","65.4420"
"2017/12/20","65.7960","29536890.0000","66.5380","66.6200","65.0080"
"2017/12/19","66.2200","34104340.0000","68.0520","68.2985","66.0600"
"2017/12/18","67.7740","27332730.0000","68.9800","69.3460","67.5160"
"2017/12/15","68.6900","34606230.0000","68.4080","68.7800","67.1520"
"2017/12/14","67.5780","28960120.0000","68.2020","69.4880","67.3800"
"2017/12/13","67.8060","31088505.0000","68.1860","68.8440","67.3000"
"2017/12/12","68.2060","43577850.0000","66.0900","68.2880","66.0060"
"2017/12/11","65.7820","39630450.0000","62.9260","65.8020","62.7500"
"2017/12/08","63.0260","17330440.0000","62.9200","63.3960","62.2520"
"2017/12/07","62.2480","23897950.0000","62.4000","63.7268","62.2100"
"2017/12/06","62.6520","35922385.0000","60.0200","62.6780","60.0000"
"2017/12/05","60.7400","23218540.0000","60.4000","61.6000","60.2000"
"2017/12/04","61.0400","29171135.0000","61.3000","61.6530","60.1220"
"2017/12/01","61.3060","21430410.0000","61.0880","62.0640","61.0100"
"2017/11/30","61.7700","21727170.0000","61.7120","62.1400","60.9080"
"2017/11/29","61.5080","43787315.0000","63.4600","63.6000","60.2460"
"2017/11/28","63.5100","24708515.0000","63.2720","64.0000","62.7840"
"2017/11/27","63.3620","22688895.0000","62.6500","63.4680","61.9020"
"2017/11/24","63.1100","16220325.0000","62.7580","63.2820","62.2000"
"2017/11/22","62.5200","24566415.0000","63.3540","63.4840","62.3680"
"2017/11/21","63.5620","36281905.0000","62.1720","63.6460","61.7420"
"2017/11/20","61.7480","41209105.0000","62.7580","63.1000","60.9500"
"2017/11/17","63.0100","68604150.0000","65.1340","65.3340","62.6300"
"2017/11/16","62.5000","28972045.0000","62.7980","63.6280","62.2600"
"2017/11/15","62.2600","29759175.0000","61.2020","62.4980","60.3000"
"2017/11/14","61.7400","28309520.0000","63.0000","63.2700","61.3800"
"2017/11/13","63.0800","37826210.0000","60.0260","63.3600","59.8220"
"2017/11/10","60.5980","23105400.0000","60.5000","61.6720","60.3700"
"2017/11/09","60.5980","27200865.0000","60.5000","60.8920","59.2600"
"2017/11/08","60.8780","23626775.0000","61.1000","61.3780","60.2600"
"2017/11/07","61.2100","26424220.0000","60.2040","61.3000","60.0060"
"2017/11/06","60.5560","32403445.0000","61.4000","61.5000","59.8020"
"2017/11/03","61.2180","44429665.0000","59.9000","61.2500","59.0260"
"2017/11/02","59.8520","98856400.0000","60.0260","61.7380","58.5260"
"2017/11/01","64.2160","41212435.0000","66.4500","66.5218","64.0520"
"2017/10/31","66.3060","28250310.0000","64.0460","66.3900","64.0360"
"2017/10/30","64.0160","21238095.0000","63.8360","64.7560","63.4500"
"2017/10/27","64.1740","34841825.0000","63.9500","64.9180","63.3320"
"2017/10/26","65.2340","25050435.0000","65.5560","66.0460","64.6400"
"2017/10/25","65.1680","42918095.0000","67.3400","67.5000","64.7120"
"2017/10/24","67.4680","22428460.0000","67.7600","68.5600","67.2320"
"2017/10/23","67.4040","28697990.0000","69.9760","69.9900","67.2500"
"2017/10/20","69.0200","24628285.0000","70.5380","70.9100","68.8680"
"2017/10/19","70.3620","25278575.0000","71.1120","71.4293","69.6400"
"2017/10/18","71.9300","24680120.0000","71.1940","72.6000","70.8260"
"2017/10/17","71.1500","16451450.0000","70.1820","71.2440","70.0140"
"2017/10/16","70.1200","26865450.0000","70.7520","70.8960","69.4320"
"2017/10/13","71.1140","17694035.0000","71.3960","71.6980","70.7360"
"2017/10/12","71.1360","20367760.0000","70.5900","71.9560","70.5280"
"2017/10/11","70.9200","22473665.0000","70.7780","71.5200","70.2300"
"2017/10/10","71.1180","34861315.0000","69.3600","71.1260","69.1061"
"2017/10/09","68.5880","37307305.0000","69.9300","70.3500","68.5340"
"2017/10/06","71.3760","21364330.0000","70.6200","72.0198","70.4500"
"2017/10/05","71.0660","20839565.0000","71.2000","71.4870","70.2700"
"2017/10/04","71.0020","40739975.0000","70.2500","71.7240","69.9200"
"2017/10/03","69.6280","50612750.0000","67.1800","69.7100","66.2560"
"2017/10/02","68.3060","26137735.0000","68.5040","68.7400","67.1020"
"2017/09/29","68.2200","25495255.0000","68.3720","68.9360","67.7202"
"2017/09/28","67.9200","26548895.0000","67.9760","68.5500","67.0800"
"2017/09/27","68.1940","30136875.0000","69.9800","70.2978","68.1000"
"2017/09/26","69.0500","35748245.0000","70.1860","70.2480","68.1800"
"2017/09/25","68.9980","37935790.0000","70.6300","71.4938","68.5760"
"2017/09/22","70.2180","40714475.0000","73.2980","73.9800","70.1760"
"2017/09/21","73.2960","23054360.0000","74.9800","75.3660","72.9020"
"2017/09/20","74.7820","24549790.0000","74.6000","75.6498","74.2140"
"2017/09/19","75.0200","32176040.0000","76.0000","76.4780","74.7140"
"2017/09/18","77.0000","35888865.0000","76.0500","77.9220","75.5360"
"2017/09/15","75.9620","27036135.0000","74.9020","76.0000","74.5400"
"2017/09/14","75.5280","35851315.0000","72.8660","75.5920","72.5260"
"2017/09/13","73.2460","20855925.0000","72.7640","73.6140","71.9180"
"2017/09/12","72.5500","29831020.0000","72.8980","73.7520","72.0800"
"2017/09/11","72.7380","38255000.0000","70.2700","72.7420","70.0000"
"2017/09/08","68.6800","16306665.0000","69.7980","69.9560","68.4600"
"2017/09/07","70.1220","21175225.0000","69.1960","70.4960","68.6900"
"2017/09/06","68.9060","20410005.0000","69.9000","70.1958","68.3120"
"2017/09/05","69.9180","19182010.0000","70.7600","71.0980","69.1780"
"2017/09/01","71.0800","15242750.0000","71.2240","71.5180","70.7380"
"2017/08/31","71.1800","20316650.0000","70.7100","71.6880","70.5640"
"2017/08/30","70.6360","17020825.0000","69.9340","70.6940","69.4000"
"2017/08/29","69.4720","20346515.0000","67.8960","69.8100","67.7500"
"2017/08/28","69.1320","18731200.0000","69.4560","69.4700","67.9440"
"2017/08/25","69.6100","17375930.0000","70.8480","71.1380","69.4600"
"2017/08/24","70.5860","22857870.0000","70.5040","71.3320","69.9480"
"2017/08/23","70.5540","24709735.0000","67.7980","70.6980","67.6608"
"2017/08/22","68.2700","21571340.0000","68.2260","68.4480","67.4745"
"2017/08/21","67.5720","32449250.0000","69.1640","69.1640","66.3700"
"2017/08/18","69.4920","26954025.0000","70.5820","70.8000","69.1600"
"2017/08/17","70.3840","25054125.0000","72.2420","72.6600","70.3180"
"2017/08/16","72.5820","17030865.0000","72.6000","73.3000","72.5040"
"2017/08/15","72.4660","15423005.0000","73.0400","73.0980","71.8740"
"2017/08/14","72.7600","22539845.0000","72.9260","73.5320","72.5200"
"2017/08/11","71.5740","21787810.0000","71.3940","72.2520","70.7240"
"2017/08/10","71.0800","35315270.0000","72.3200","73.3301","70.9320"
"2017/08/09","72.7060","34405910.0000","72.2000","74.0000","71.7900"
"2017/08/08","73.0440","37159190.0000","71.5060","73.7160","71.4800"
"2017/08/07","71.0340","31546655.0000","71.4700","71.8960","70.5500"
"2017/08/04","71.3820","46166475.0000","69.4000","71.4540","68.6600"
"2017/08/03","69.4180","67621350.0000","69.0660","70.0000","68.6300"
"2017/08/02","65.1780","59711750.0000","63.7880","65.4240","62.2440"
"2017/08/01","63.9140","41424985.0000","64.6000","64.8900","63.2260"
"2017/07/31","64.6940","42627270.0000","67.1000","68.2980","64.2080"
"2017/07/28","67.0140","24349455.0000","67.3780","67.9200","66.5020"
"2017/07/27","66.8920","41429395.0000","69.2000","69.5000","65.2580"
"2017/07/26","68.7700","24047570.0000","68.0720","69.1000","67.6240"
"2017/07/25","67.9200","34889660.0000","69.0000","69.1200","66.8300"
"2017/07/24","68.5040","42991460.0000","66.0480","68.6798","66.0020"
"2017/07/21","65.6800","24358540.0000","65.8920","66.2515","65.1600"
"2017/07/20","65.9840","25712580.0000","65.3800","66.0440","64.8400"
"2017/07/19","65.0520","31729420.0000","65.6460","66.3300","64.6439"
"2017/07/18","65.6480","31803550.0000","63.5000","65.8260","63.1320"
"2017/07/17","63.9140","49137530.0000","65.1080","65.4200","62.6900"
"2017/07/14","65.5560","28039620.0000","64.6380","65.6840","64.2440"
"2017/07/13","64.6820","42911575.0000","66.0220","66.3200","63.9940"
"2017/07/12","65.9040","51586200.0000","66.0800","66.6200","64.9000"
"2017/07/11","65.4440","57633800.0000","63.2000","65.4560","62.8600"
"2017/07/10","63.2100","68801450.0000","62.5800","63.5880","60.6260"
"2017/07/07","62.6440","70649750.0000","62.7000","63.4000","61.4760"
"2017/07/06","61.7660","96290200.0000","63.4520","64.1580","61.2600"
"2017/07/05","65.4180","84991500.0000","69.4400","69.4480","65.2660"
"2017/07/03","70.5240","31527005.0000","74.0480","74.2700","70.3000"
"2017/06/30","72.3220","29115230.0000","72.7420","73.3535","71.9237"
"2017/06/29","72.1500","41012315.0000","74.1220","74.2000","70.8200"
"2017/06/28","74.2480","31451615.0000","73.3360","74.3480","72.5040"
"2017/06/27","72.4740","34887470.0000","75.2800","75.2800","72.4040"
"2017/06/26","75.4980","32984270.0000","77.3380","77.3900","74.6200"
"2017/06/23","76.6900","32125900.0000","76.4900","77.3980","75.8690"
"2017/06/22","76.5220","37552030.0000","75.5980","77.0000","74.7140"
"2017/06/21","75.2800","24583850.0000","74.8700","75.3980","73.6040"
"2017/06/20","74.4480","37095550.0000","75.3340","75.7760","73.9460"
"2017/06/19","73.9600","32167170.0000","75.0000","75.3400","73.5600"
"2017/06/16","74.2800","31737250.0000","75.5950","75.6020","74.0200"
"2017/06/15","75.0680","52063250.0000","74.5000","75.0920","73.2980"
"2017/06/14","76.1320","63892400.0000","76.2170","76.8500","75.2620"
"2017/06/13","75.1900","58866850.0000","73.5240","75.2000","73.3220"
"2017/06/12","71.8020","52539300.0000","71.5980","72.9000","70.1240"
"2017/06/09","71.4640","86250300.0000","74.8840","75.3740","70.9600"
"2017/06/08","74.0000","45143385.0000","72.7500","74.3800","72.0440"
"2017/06/07","71.9300","46743460.0000","71.2680","72.1000","71.0280"
"2017/06/06","70.5700","55159600.0000","68.9400","71.8986","67.9940"
"2017/06/05","69.4640","33845870.0000","67.7000","69.6880","66.8420"
"2017/06/02","67.9700","27919760.0000","67.9540","68.5760","67.1860"
"2017/06/01","68.0740","38008820.0000","68.8000","68.9760","67.4580"
"2017/05/31","68.2020","49687780.0000","67.5380","68.5780","67.0320"
"2017/05/30","67.0200","38857680.0000","65.2000","67.2560","65.1520"
"2017/05/26","65.0280","38965045.0000","63.4560","65.0980","63.2620"
"2017/05/25","63.3660","25002160.0000","62.2040","63.3940","61.5620"
"2017/05/24","62.0440","25175960.0000","61.3020","62.2000","61.0800"
"2017/05/23","60.7720","21571335.0000","62.0920","62.1460","60.6960"
"2017/05/22","62.0700","21621525.0000","62.5600","62.8740","61.3600"
"2017/05/19","62.1660","23272900.0000","63.1000","63.3000","62.0400"
"2017/05/18","62.6120","28045765.0000","61.4000","62.7880","61.0620"
"2017/05/17","61.2220","33478285.0000","62.8780","62.9260","61.1000"
"2017/05/16","63.4020","20705330.0000","63.5180","64.0120","63.0280"
"2017/05/15","63.1760","38034270.0000","63.6760","64.0400","62.5060"
"2017/05/12","64.9620","20593065.0000","65.0960","65.4000","64.3060"
"2017/05/11","64.6200","23735860.0000","64.6800","65.2000","63.9200"
"2017/05/10","65.0440","28672620.0000","64.3120","65.1000","63.6240"
"2017/05/09","64.2520","48316870.0000","61.8760","64.3980","61.8200"
"2017/05/08","61.4380","35014535.0000","62.1800","62.7580","61.1640"
"2017/05/05","61.6700","40587245.0000","59.6000","61.7100","59.3600"
"2017/05/04","59.0920","70679950.0000","61.4870","61.5540","58.1520"
"2017/05/03","62.2040","34396295.0000","63.5340","64.3060","62.0900"
"2017/05/02","63.7780","26582755.0000","64.8000","65.5320","63.3120"
"2017/05/01","64.5660","44099440.0000","62.9760","65.4500","62.9620"
"2017/04/28","62.8140","22483295.0000","61.9660","62.9600","61.6000"
"2017/04/27","61.7260","17313315.0000","62.3380","62.6180","61.5000"
"2017/04/26","62.0340","23415655.0000","62.4740","62.9000","61.8000"
"2017/04/25","62.7580","33670810.0000","61.6000","62.7960","61.1720"
"2017/04/24","61.6060","25388855.0000","61.8440","62.1100","61.2043"
"2017/04/21","61.1200","22509790.0000","60.4000","61.2800","60.0840"
"2017/04/20","60.5020","30729805.0000","61.3020","61.8300","60.0460"
"2017/04/19","61.1040","19455725.0000","60.4920","61.3240","60.4220"
"2017/04/18","60.0500","15171125.0000","59.9400","60.1680","59.5800"
"2017/04/17","60.2880","20640335.0000","60.5400","60.8000","59.7360"
"2017/04/13","60.8000","46378410.0000","59.3400","61.4780","59.0600"
"2017/04/12","59.3680","30218240.0000","61.2680","61.6896","59.2640"
"2017/04/11","61.7420","28590265.0000","62.6760","62.6940","61.1000"
"2017/04/10","62.4780","38268115.0000","61.8300","62.7460","61.7420"
"2017/04/07","60.5080","22833160.0000","59.5000","60.5380","59.4300"
"2017/04/06","59.7400","27588655.0000","59.3760","60.3880","58.8200"
"2017/04/05","59.0000","39292825.0000","60.4080","60.9760","58.8400"
"2017/04/04","60.7400","50541150.0000","59.3780","60.9620","58.9060"
"2017/04/03","59.7040","69324250.0000","57.3800","59.8000","56.9160"
"2017/03/31","55.6600","16468490.0000","55.7460","55.9360","55.2639"
"2017/03/30","55.5840","20707185.0000","55.6080","56.4000","55.4420"
"2017/03/29","55.4760","18362630.0000","55.6680","55.9200","55.1080"
"2017/03/28","55.4900","39893325.0000","55.4040","56.1360","55.0000"
"2017/03/27","54.0440","31106805.0000","52.1200","54.1140","51.9500"
"2017/03/24","52.6320","28188340.0000","51.1400","52.7780","51.0020"
"2017/03/23","50.9560","16549220.0000","51.0780","51.5344","50.6600"
"2017/03/22","51.0020","20283675.0000","50.3120","51.0140","50.1020"
"2017/03/21","50.1360","34507775.0000","52.5660","52.9600","50.0480"
"2017/03/20","52.3840","18008080.0000","52.1200","52.9100","51.7642"
"2017/03/17","52.3000","32455090.0000","52.8000","53.0660","52.2400"
"2017/03/16","52.4100","35635900.0000","52.4800","53.1500","51.8120"
"2017/03/15","51.1460","26166825.0000","51.4000","52.2000","50.8540"
"2017/03/14","51.6000","37908595.0000","49.2220","51.6240","49.2040"
"2017/03/13","49.2340","15056400.0000","48.9640","49.3700","48.5562"
"2017/03/10","48.7380","15313925.0000","49.2420","49.3000","48.6000"
"2017/03/09","48.9800","19382470.0000","49.5260","49.7320","48.6000"
"2017/03/08","49.3740","18633730.0000","49.4000","50.0140","49.0640"
"2017/03/07","49.7180","17262935.0000","50.3840","50.7780","49.6640"
"2017/03/06","50.2420","16768005.0000","49.5820","50.3400","49.5020"
"2017/03/03","50.3140","14627405.0000","50.1480","50.3800","49.8000"
"2017/03/02","50.0960","16728755.0000","49.9420","50.6560","49.6540"
"2017/03/01","50.0040","24024815.0000","50.8360","50.9700","49.8220"
"2017/02/28","49.9980","30369450.0000","48.8380","50.2000","48.7800"
"2017/02/27","49.2460","57250800.0000","49.6340","49.6720","48.4020"
"2017/02/24","51.4000","40834345.0000","50.5320","51.6500","50.0400"
"2017/02/23","51.1980","74385450.0000","52.8000","52.9320","51.1120"
"2017/02/22","54.7020","42689055.0000","56.0620","56.6900","54.5200"
"2017/02/21","55.4780","28237875.0000","55.0900","56.2800","54.8020"
"2017/02/17","54.4460","31257345.0000","53.1600","54.5780","52.8300"
"2017/02/16","53.7900","35319300.0000","55.5200","56.0000","53.7000"
"2017/02/15","55.9520","24719395.0000","56.0000","56.4480","55.2880"
"2017/02/14","56.1960","36707250.0000","55.8060","57.4780","55.7220"
"2017/02/13","56.1200","35115360.0000","54.1480","56.1580","54.1020"
"2017/02/10","53.8460","18091680.0000","53.9580","54.1900","53.2220"
"2017/02/09","53.8400","39063000.0000","53.2500","54.2360","53.2300"
"2017/02/08","52.4160","19562140.0000","51.4700","52.6720","51.2400"
"2017/02/07","51.4960","21220315.0000","51.6380","52.0000","51.2840"
"2017/02/06","51.5540","17788000.0000","50.2000","51.5640","50.1260"
"2017/02/03","50.2660","10926150.0000","50.3820","50.4358","49.9360"
"2017/02/02","50.3100","12493995.0000","49.6680","50.4840","49.5420"
"2017/02/01","49.8480","19765525.0000","50.6100","50.6400","49.8100"
"2017/01/31","50.3860","20560065.0000","49.8480","51.1780","49.5400"
"2017/01/30","50.1260","18993190.0000","50.5060","51.0580","49.4200"
"2017/01/27","50.5900","15808870.0000","50.2760","50.6000","49.7040"
"2017/01/26","50.5020","15718585.0000","50.8580","51.1480","50.1500"
"2017/01/25","50.8940","25726505.0000","51.4620","51.6920","50.3600"
"2017/01/24","50.9220","24790720.0000","50.0000","50.9600","49.9300"
"2017/01/23","49.7840","31310485.0000","49.1700","50.1780","49.1000"
"2017/01/20","48.9460","20998600.0000","49.0920","49.2000","48.6020"
"2017/01/19","48.7520","38586220.0000","49.4500","49.7360","48.1500"
"2017/01/18","47.6720","18836360.0000","47.3300","47.9420","47.1160"
"2017/01/17","47.1160","23073655.0000","47.3400","47.9920","46.8740"
"2017/01/13","47.5500","30428050.0000","46.0000","47.5700","45.9180"
"2017/01/12","45.9180","18937735.0000","45.8120","46.1400","45.1160"
"2017/01/11","45.9460","18249550.0000","45.8140","45.9960","45.3360"
"2017/01/10","45.9740","18294905.0000","46.4000","46.4000","45.3780"
"2017/01/09","46.2560","19863580.0000","45.7940","46.3840","45.6000"
"2017/01/06","45.8020","27620765.0000","45.3860","46.0620","45.0900"
"2017/01/05","45.3500","29544635.0000","45.2840","45.4960","44.3900"
"2017/01/04","45.3980","56022800.0000","42.9500","45.6000","42.8620"
"2017/01/03","43.3980","29507470.0000","42.9720","44.0660","42.1920"
"2016/12/30","42.7380","23206440.0000","43.2600","43.5000","42.3360"
"2016/12/29","42.9360","20215430.0000","43.7120","43.8400","42.8245"
"2016/12/28","43.9480","18892720.0000","44.3060","44.7600","43.4400"
"2016/12/27","43.9060","29566675.0000","42.9760","44.4500","42.8840"
"2016/12/23","42.6680","23341315.0000","41.6000","42.6900","41.5420"
"2016/12/22","41.6900","15542135.0000","41.6440","41.9980","41.3000"
"2016/12/21","41.5400","26030715.0000","41.6900","42.4460","41.4820"
"2016/12/20","41.7580","23421345.0000","40.6100","41.8000","40.5000"
"2016/12/19","40.5460","17434685.0000","40.4980","40.8900","39.9680"
"2016/12/16","40.4980","18977220.0000","39.6160","40.5180","39.5200"
"2016/12/15","39.5160","16093265.0000","39.6820","40.1480","39.4780"
"2016/12/14","39.7380","20736570.0000","39.7480","40.6000","39.3520"
"2016/12/13","39.6300","34096610.0000","38.6360","40.2560","38.6000"
"2016/12/12","38.4860","12182140.0000","38.5600","38.8840","38.2080"
"2016/12/09","38.4360","13604685.0000","38.1740","38.7672","38.1620"
"2016/12/08","38.4580","15968420.0000","38.4100","38.5000","37.9080"
"2016/12/07","38.6300","27285355.0000","37.2300","38.6800","37.0000"
"2016/12/06","37.1700","16946825.0000","37.1040","37.3160","36.5365"
"2016/12/05","37.3600","20347400.0000","36.5020","37.7780","36.5020"
"2016/12/02","36.2940","20201005.0000","36.5760","36.9760","36.0000"
"2016/12/01","36.3760","25595525.0000","37.6500","37.7060","36.2000"
"2016/11/30","37.8800","17724455.0000","38.2000","38.3780","37.5000"
"2016/11/29","37.9140","22176560.0000","39.1120","39.3460","37.9000"
"2016/11/28","39.2240","22605410.0000","39.0960","39.8700","38.9100"
"2016/11/25","39.3300","11830490.0000","38.7280","39.4474","38.7280"
"2016/11/23","38.6280","24451425.0000","38.1220","39.1288","37.8000"
"2016/11/22","38.2340","28006190.0000","37.1680","38.2940","36.7420"
"2016/11/21","36.9040","21779360.0000","37.0080","37.7780","36.8820"
"2016/11/18","37.0040","26032365.0000","38.1300","38.6000","37.0000"
"2016/11/17","37.7320","24404845.0000","36.6980","37.8980","36.4220"
"2016/11/16","36.7860","17163340.0000","36.5300","36.9460","36.2420"
"2016/11/15","36.7540","19498715.0000","36.5560","37.2860","36.4100"
"2016/11/14","36.2900","32739565.0000","37.6000","37.6500","35.6380"
"2016/11/11","37.7120","19935455.0000","36.8480","37.7760","36.6000"
"2016/11/10","37.0700","33731450.0000","38.2100","38.3220","36.0840"
"2016/11/09","38.0120","40832235.0000","37.3750","38.4000","36.7900"
"2016/11/08","38.9880","16264635.0000","38.7580","39.4980","38.2520"
"2016/11/07","38.6420","19288410.0000","38.7180","38.8580","38.0100"
"2016/11/04","38.1120","25719575.0000","37.8000","38.6920","37.1920"
"2016/11/03","37.4840","13222750.0000","37.8000","38.2940","37.4080"
"2016/11/02","37.6040","21211250.0000","38.0100","38.5390","37.5010"
"2016/11/01","38.1580","35118370.0000","39.6080","39.7000","37.6210"
"2016/10/31","39.5460","23456600.0000","40.4980","40.4980","39.1620"
"2016/10/28","39.9940","21367280.0000","40.8000","41.0640","39.9660"
"2016/10/27","40.8020","65354950.0000","42.2680","42.7400","40.3300"
"2016/10/26","40.4480","26734465.0000","40.2000","40.6380","40.0200"
"2016/10/25","40.4680","12210590.0000","40.5800","40.9380","40.2400"
"2016/10/24","40.5520","13736720.0000","40.2000","40.7890","40.0500"
"2016/10/21","40.0180","14684540.0000","39.7200","40.3140","39.4820"
"2016/10/20","39.8200","25347050.0000","40.4240","40.6000","39.4100"
"2016/10/19","40.7120","34830925.0000","39.9480","41.3320","39.6120"
"2016/10/18","39.8200","28380230.0000","39.1980","39.8940","38.6520"
"2016/10/17","38.7920","22591655.0000","39.4100","39.6780","38.4000"
"2016/10/14","39.3020","21327355.0000","40.1320","40.2860","39.2600"
"2016/10/13","40.0480","12475700.0000","40.1000","40.1790","39.4100"
"2016/10/12","40.3020","9845495.0000","40.1900","40.7760","40.0840"
"2016/10/11","40.0200","11633770.0000","40.3700","40.4400","39.6620"
"2016/10/10","40.1900","16556700.0000","40.2700","40.8280","39.9320"
"2016/10/07","39.3220","17447400.0000","40.2000","40.2640","39.1600"
"2016/10/06","40.2000","23489685.0000","40.4920","40.8420","40.0420"
"2016/10/05","41.6920","9362280.0000","42.4480","42.6300","41.6240"
"2016/10/04","42.2820","17689765.0000","42.6200","42.6640","41.7640"
"2016/10/03","42.7400","29946710.0000","42.4600","43.1338","41.6500"
"2016/09/30","40.8060","12908650.0000","40.4420","40.9960","39.9100"
"2016/09/29","40.1400","13570200.0000","41.1200","41.4660","40.1160"
"2016/09/28","41.2540","10396620.0000","41.5020","41.6500","41.0520"
"2016/09/27","41.1620","16839535.0000","41.9300","41.9964","40.9219"
"2016/09/26","41.7980","11966865.0000","41.3000","42.2000","41.3000"
"2016/09/23","41.4900","14520625.0000","41.1980","42.0360","41.1340"
"2016/09/22","41.2860","11908000.0000","41.2800","41.4560","40.6000"
"2016/09/21","41.0440","13156425.0000","41.2740","41.4000","40.3120"
"2016/09/20","40.9280","12042780.0000","41.3700","41.5500","40.7820"
"2016/09/19","41.2680","11491590.0000","41.4000","41.8860","41.0000"
"2016/09/16","41.0800","15521330.0000","40.0840","41.1400","39.8000"
"2016/09/15","40.0840","15414710.0000","39.2980","40.5039","39.2800"
"2016/09/14","39.2820","11280715.0000","39.1500","39.5850","38.9712"
"2016/09/13","39.2100","17915700.0000","39.4120","39.6980","38.6900"
"2016/09/12","39.6600","18570245.0000","39.0000","40.2738","38.8200"
"2016/09/09","38.8940","18768670.0000","39.8180","39.9840","38.7400"
"2016/09/08","39.4720","16861465.0000","39.9100","39.9780","39.2720"
"2016/09/07","40.3420","18189590.0000","41.1000","41.2994","40.1420"
"2016/09/06","40.5660","21930965.0000","39.8040","40.6500","39.8000"
"2016/09/02","39.5560","29850770.0000","40.4660","40.6400","39.2400"
"2016/09/01","40.1540","39662220.0000","41.8020","42.2200","40.1000"
"2016/08/31","42.4020","16374270.0000","42.0860","42.5200","41.7300"
"2016/08/30","42.2680","15821110.0000","43.2220","43.2220","42.1040"
"2016/08/29","43.0400","16306905.0000","44.0300","44.0800","43.0000"
"2016/08/26","43.9980","11190435.0000","44.4280","44.5710","43.7640"
"2016/08/25","44.1920","8801060.0000","44.6220","44.7600","44.1540"
"2016/08/24","44.5240","12834735.0000","45.4100","45.4300","44.4440"
"2016/08/23","44.9680","23738725.0000","44.8640","45.6980","44.5600"
"2016/08/22","44.5860","10308460.0000","44.8340","45.0220","44.5360"
"2016/08/19","45.0000","8293080.0000","44.7080","45.0338","44.5060"
"2016/08/18","44.7020","8496500.0000","44.7640","45.1320","44.4580"
"2016/08/17","44.6480","8932040.0000","44.8660","44.9660","44.5600"
"2016/08/16","44.7220","11255575.0000","45.0980","45.4380","44.6820"
"2016/08/15","45.1180","10089820.0000","45.2040","45.9000","44.9860"
"2016/08/12","45.1220","9059250.0000","45.0820","45.3300","44.8080"
"2016/08/11","44.9820","9384795.0000","45.2340","45.5140","44.6820"
"2016/08/10","45.1300","11682480.0000","45.6480","45.9740","44.9240"
"2016/08/09","45.8160","10998830.0000","45.3640","46.3075","45.3300"
"2016/08/08","45.2320","11297325.0000","45.6000","45.9200","45.2180"
"2016/08/05","46.0060","15951710.0000","46.0000","46.4000","45.4800"
"2016/08/04","46.1220","20710775.0000","45.1380","46.1720","44.4100"
"2016/08/03","45.1580","19043735.0000","45.4740","45.9398","44.8420"
"2016/08/02","45.4400","19643530.0000","45.8740","45.9740","44.2800"
"2016/08/01","46.0020","20070240.0000","47.1000","47.3260","45.8760"
"2016/07/29","46.9580","15307870.0000","46.1400","47.0560","46.0480"
"2016/07/28","46.1220","12077310.0000","45.5900","46.1520","45.3200"
"2016/07/27","45.6980","14435140.0000","45.8680","46.6720","45.3840"
"2016/07/26","45.9020","17136255.0000","45.5380","46.0000","45.0600"
"2016/07/25","46.0020","22397415.0000","44.4540","46.2780","44.2743"
"2016/07/22","44.4540","12852310.0000","44.3980","44.9000","43.7760"
"2016/07/21","44.1000","22128780.0000","45.2000","45.5694","43.8200"
"2016/07/20","45.6720","12780595.0000","45.2940","45.9600","45.0000"
"2016/07/19","45.0520","15237675.0000","45.0000","45.8200","44.9500"
"2016/07/18","45.2500","16972940.0000","43.9280","45.4180","43.6600"
"2016/07/15","44.0800","11154105.0000","44.5040","44.5500","43.9280"
"2016/07/14","44.3060","13289495.0000","44.6240","44.9880","44.2100"
"2016/07/13","44.5060","17703495.0000","45.1000","45.1180","44.0580"
"2016/07/12","44.9300","22869375.0000","44.8200","45.5000","44.6440"
"2016/07/11","44.9560","26845330.0000","43.9920","45.3560","43.9020"
"2016/07/08","43.3560","20335655.0000","43.5600","43.9620","42.9000"
"2016/07/07","43.1880","18016925.0000","42.6200","43.6240","42.6020"
"2016/07/06","42.8880","24551425.0000","42.0000","43.0460","41.8000"
"2016/07/05","42.7960","25849160.0000","41.9460","42.9088","41.6000"
"2016/07/01","43.3000","26980150.0000","41.2280","43.6480","41.2000"
"2016/06/30","42.4560","23972200.0000","42.5940","42.7000","41.8040"
"2016/06/29","42.0380","29935600.0000","41.0260","42.3560","40.6000"
"2016/06/28","40.3580","30794980.0000","40.3780","40.8100","39.8820"
"2016/06/27","39.7100","36059115.0000","38.1720","39.7620","37.5740"
"2016/06/24","38.6300","34944745.0000","38.0100","39.0240","37.9460"
"2016/06/23","39.2800","50490950.0000","39.1380","39.5100","38.4260"
"2016/06/22","39.3320","118530500.0000","39.8940","41.1900","39.1500"
"2016/06/21","43.9220","14278095.0000","44.1360","44.5138","43.7620"
"2016/06/20","43.9400","17748840.0000","43.9000","44.7500","43.6460"
"2016/06/17","43.0940","15538670.0000","43.5620","43.9980","42.9000"
"2016/06/16","43.5860","12193460.0000","43.4840","43.6080","42.7000"
"2016/06/15","43.5400","14525010.0000","43.3900","44.3800","43.0260"
"2016/06/14","42.9920","17879110.0000","43.7760","44.4400","42.5060"
"2016/06/13","43.5740","20939165.0000","43.9000","45.1540","43.5320"
"2016/06/10","43.7580","29972740.0000","45.4780","45.5940","43.6843"
"2016/06/09","45.8720","22271110.0000","46.9960","47.0660","45.4120"
"2016/06/08","47.1040","29825550.0000","46.7600","48.1690","46.5210"
"2016/06/07","46.4680","30970770.0000","44.4480","46.8880","44.3040"
"2016/06/06","44.1360","11213170.0000","43.6000","44.1800","43.0900"
"2016/06/03","43.7980","11130550.0000","44.0000","44.3880","43.6020"
"2016/06/02","43.7920","10086395.0000","43.9180","43.9818","43.4220"
"2016/06/01","43.9120","14911350.0000","44.2960","44.4800","43.3780"
"2016/05/31","44.6460","13933410.0000","44.6080","44.9499","44.3000"
"2016/05/27","44.6080","18228960.0000","44.9980","45.1860","44.1500"
"2016/05/26","45.0240","20332560.0000","44.1000","45.0520","43.8100"
"2016/05/25","43.9160","15656395.0000","43.5820","44.2720","43.3020"
"2016/05/24","43.5820","15046635.0000","43.3200","43.7480","43.0360"
"2016/05/23","43.2440","25483755.0000","43.9740","44.5200","43.1720"
"2016/05/20","44.0560","44982730.0000","43.3980","44.1100","43.2700"
"2016/05/19","43.0420","34089610.0000","42.7240","43.3580","41.4600"
"2016/05/18","42.2340","27763460.0000","41.8300","43.0620","41.5500"
"2016/05/17","40.9320","14210140.0000","41.8100","41.9640","40.8040"
"2016/05/16","41.6580","14728770.0000","41.6300","42.6300","41.5840"
"2016/05/13","41.5220","14103080.0000","41.5560","42.2400","41.3400"
"2016/05/12","41.4560","18250375.0000","42.2880","42.3340","40.7314"
"2016/05/11","41.7920","25798200.0000","41.5180","43.0960","41.2100"
"2016/05/10","41.7380","20340265.0000","41.5100","41.8940","41.0000"
"2016/05/09","41.7840","23864960.0000","43.1440","43.2300","41.3600"
"2016/05/06","42.9860","28418375.0000","42.1740","43.2740","41.6220"
"2016/05/05","42.3060","56241700.0000","45.6920","45.7280","41.9580"
"2016/05/04","44.5120","42750020.0000","46.0580","46.8920","44.0800"
"2016/05/03","46.4640","21481625.0000","47.4720","47.7820","46.3240"
"2016/05/02","48.3600","19194790.0000","48.3000","48.6380","46.9640"
"2016/04/29","48.1520","27025820.0000","49.6280","49.6860","47.5620"
"2016/04/28","49.5420","12577975.0000","49.9700","50.6860","49.4880"
"2016/04/27","50.2940","15990525.0000","50.5500","51.0000","49.8800"
"2016/04/26","50.7480","16088895.0000","50.4100","51.1460","49.8780"
"2016/04/25","50.3640","18325440.0000","50.6020","51.4760","50.1520"
"2016/04/22","50.7500","18915630.0000","49.7780","50.8000","49.1420"
"2016/04/21","49.6580","13885395.0000","49.7980","50.1800","49.3820"
"2016/04/20","49.9940","25961715.0000","49.2520","50.7320","48.3000"
"2016/04/19","49.4740","31756800.0000","50.6240","50.8740","48.2502"
"2016/04/18","50.7760","21316230.0000","50.4460","51.6620","50.3320"
"2016/04/15","50.9020","18742965.0000","50.2620","50.9200","49.8240"
"2016/04/14","50.3720","20646290.0000","50.6000","51.3678","50.2100"
"2016/04/13","50.9060","24607770.0000","49.7020","51.1000","49.4660"
"2016/04/12","49.5640","28776755.0000","49.9000","50.3600","48.7260"
"2016/04/11","49.9840","45782020.0000","50.2000","51.7980","49.0600"
"2016/04/08","50.0140","36763535.0000","52.1000","52.1640","49.6040"
"2016/04/07","51.4400","44227835.0000","53.2900","53.8680","50.9020"
"2016/04/06","53.0840","58478800.0000","50.7940","53.5480","50.6900"
"2016/04/05","51.0940","49657350.0000","48.1000","51.3120","48.0000"
"2016/04/04","49.3980","66905800.0000","49.8240","50.4240","48.7280"
"2016/04/01","47.5180","79899550.0000","48.9650","49.5800","46.6500"
"2016/03/31","45.9540","39878190.0000","45.8680","47.4840","45.0020"
"2016/03/30","45.3780","20128350.0000","47.0180","47.1000","45.3000"
"2016/03/29","46.0260","20030185.0000","45.9780","46.4760","45.0660"
"2016/03/28","46.0520","19392995.0000","46.3220","46.9620","45.0000"
"2016/03/24","45.5500","24783020.0000","43.1560","45.7775","43.0000"
"2016/03/23","44.5160","24681015.0000","46.4740","46.9460","44.4060"
"2016/03/22","46.8480","21515260.0000","47.4420","47.7980","46.5116"
"2016/03/21","47.6640","26445070.0000","47.0680","47.9760","47.0000"
"2016/03/18","46.5480","23523805.0000","45.8200","46.8960","45.6120"
"2016/03/17","45.2760","18845415.0000","44.2940","45.7000","44.0000"
"2016/03/16","44.3860","17559365.0000","43.6000","44.5160","43.4040"
"2016/03/15","43.6680","15666150.0000","42.8540","43.7940","42.3000"
"2016/03/14","43.0300","20311520.0000","42.5300","43.3440","42.1280"
"2016/03/11","41.5000","16695740.0000","41.5860","41.8840","41.0660"
"2016/03/10","41.0360","25958010.0000","42.0000","42.6580","40.1342"
"2016/03/09","41.7440","16037985.0000","40.9040","41.8745","40.5580"
"2016/03/08","40.5200","20877490.0000","40.7000","41.5000","40.4400"
"2016/03/07","41.0580","26655485.0000","39.5360","41.9400","39.4800"
"2016/03/04","40.2080","32399290.0000","39.6000","40.8060","39.5000"
"2016/03/03","39.1480","24114965.0000","37.6560","39.4840","36.8440"
"2016/03/02","37.6680","24293155.0000","36.7460","37.7040","36.3000"
"2016/03/01","37.2700","33478520.0000","38.8500","39.1897","36.5400"
"2016/02/29","38.3860","22477010.0000","38.4800","39.2700","37.8444"
"2016/02/26","38.0680","30270305.0000","37.7400","38.4000","37.0000"
"2016/02/25","37.4860","28635040.0000","35.7300","37.7038","35.0400"
"2016/02/24","35.8000","26926845.0000","34.5500","35.9000","33.5680"
"2016/02/23","35.4420","29914965.0000","35.2320","36.3460","34.7360"
"2016/02/22","35.5480","25276700.0000","34.0240","35.7820","33.9700"
"2016/02/19","33.3160","14779160.0000","32.7320","33.4980","32.5000"
"2016/02/18","33.3540","19415535.0000","34.4840","34.5900","32.9540"
"2016/02/17","33.7360","29101320.0000","31.8000","33.8680","31.3360"
"2016/02/16","31.0340","27808190.0000","31.7400","32.5900","30.8220"
"2016/02/12","30.2080","36166320.0000","31.0000","31.4020","28.7400"
"2016/02/11","30.0940","71184500.0000","30.4000","32.6520","29.4000"
"2016/02/10","28.7340","50523450.0000","30.1000","30.9940","28.3480"
"2016/02/09","29.6500","43198305.0000","28.4640","31.9580","28.2100"
"2016/02/08","29.5980","46533770.0000","31.4210","31.4300","29.2000"
"2016/02/05","32.5200","47172475.0000","34.2600","34.6000","31.5488"
"2016/02/04","35.0660","21897210.0000","34.1400","35.1960","33.3980"
"2016/02/03","34.6960","39638200.0000","36.7180","36.7880","34.0360"
"2016/02/02","36.5560","28824085.0000","38.4840","38.6240","36.0460"
"2016/02/01","39.3880","26478425.0000","37.7520","39.9040","36.5500"
"2016/01/29","38.2400","14244645.0000","37.9900","38.7480","37.6160"
"2016/01/28","37.9400","22931640.0000","38.1580","38.2560","36.4820"
"2016/01/27","37.6140","17886765.0000","38.4760","38.6520","37.1540"
"2016/01/26","38.7120","24784590.0000","39.3400","39.5640","37.7760"
"2016/01/25","39.2760","13477040.0000","40.0120","40.7140","39.1760"
"2016/01/22","40.5100","15610330.0000","40.9602","41.1000","39.8060"
"2016/01/21","39.9940","15822120.0000","40.3100","40.6460","39.0040"
"2016/01/20","39.7400","29130550.0000","39.8800","40.2560","38.2500"
"2016/01/19","40.9440","20156355.0000","41.7420","42.0940","40.1560"
"2016/01/15","40.9980","26628865.0000","39.7940","41.0140","39.4500"
"2016/01/14","41.2360","32452895.0000","40.4420","42.0000","38.6760"
"2016/01/13","40.0620","20604965.0000","42.4020","42.5300","40.0000"
"2016/01/12","41.9940","15395255.0000","42.3200","42.7479","41.0620"
"2016/01/11","41.5700","20454215.0000","42.8020","42.8900","40.6000"
"2016/01/08","42.2000","17861800.0000","43.5720","44.0880","42.1540"
"2016/01/07","43.1300","17753520.0000","42.8380","43.6880","42.7340"
"2016/01/06","43.8080","18871765.0000","44.0000","44.0100","43.1960"
"2016/01/05","44.6860","15927625.0000","45.2720","45.3780","44.0000"
"2016/01/04","44.6820","34117550.0000","46.1440","46.2760","43.8000"
"2015/12/31","48.0020","13569085.0000","47.7020","48.6900","47.6740"
"2015/12/30","47.6180","18472240.0000","47.3200","48.7268","47.1341"
"2015/12/29","47.4380","12012190.0000","46.0120","47.5440","45.9094"
"2015/12/28","45.7900","9500855.0000","46.2980","46.3960","45.1080"
"2015/12/24","46.1140","3551385.0000","46.1120","46.3760","45.6560"
"2015/12/23","45.9400","7755155.0000","46.4360","46.6900","45.6260"
"2015/12/22","45.9900","9794180.0000","46.9980","47.3100","45.9260"
"2015/12/21","46.5120","9757905.0000","46.3380","47.1660","46.2160"
"2015/12/18","46.0920","15040285.0000","46.5780","47.1800","45.8580"
"2015/12/17","46.6780","16472300.0000","46.7880","47.5520","45.9630"
"2015/12/16","46.9020","25502215.0000","44.4200","46.9760","44.1460"
"2015/12/15","44.2180","11208430.0000","44.3640","44.4440","43.6000"
"2015/12/14","43.7160","14138985.0000","43.5020","44.1840","42.9740"
"2015/12/11","43.4040","16295570.0000","45.0480","45.1500","43.3280"
"2015/12/10","45.4140","10350440.0000","44.9420","45.6980","44.7280"
"2015/12/09","44.9040","15285180.0000","45.3400","45.5000","44.1440"
"2015/12/08","45.3440","13411295.0000","45.5040","45.7600","44.8400"
"2015/12/07","46.2260","15704320.0000","45.5400","47.1260","45.2300"
"2015/12/04","46.0760","12860070.0000","46.4920","46.6540","45.5320"
"2015/12/03","46.5420","14686165.0000","47.0960","47.4900","46.0000"
"2015/12/02","46.3980","14903220.0000","47.4000","47.7200","46.2460"
"2015/12/01","47.4380","18642810.0000","46.2120","47.6000","46.2100"
"2015/11/30","46.0520","12956025.0000","46.3580","46.8560","45.8160"
"2015/11/27","46.3220","9746765.0000","46.2120","46.4500","45.4020"
"2015/11/25","45.9280","19934725.0000","44.2680","46.1650","44.0750"
"2015/11/24","43.6500","12391945.0000","43.0740","44.2000","43.0000"
"2015/11/23","43.5500","12625980.0000","43.4700","43.8360","42.9360"
"2015/11/20","44.0020","21970995.0000","44.6980","45.0000","42.7160"
"2015/11/19","44.3600","12497965.0000","44.1080","45.2380","44.0600"
"2015/11/18","44.2140","14051000.0000","42.9000","44.2760","42.5040"
"2015/11/17","42.8000","10741630.0000","43.0400","43.2000","42.2800"
"2015/11/16","42.8620","14601810.0000","41.2180","42.9960","41.1600"
"2015/11/13","41.4380","17115695.0000","42.5900","42.5980","41.3040"
"2015/11/12","42.5880","14567555.0000","43.5700","43.8000","42.5320"
"2015/11/11","43.8160","16687505.0000","43.5540","43.8960","42.7260"
"2015/11/10","43.3000","23062040.0000","44.6960","44.7400","43.2160"
